ordreExecution;description;typePeriode;typeData;elementCode;elementName;source_name;source_indicatorName;source_indicatorId;source_dataElementName;source_dataElementId;source_categorieComboOptionName;source_categorieComboOptionId;source_orgUnitName;source_orgUnitId;source_orgUnitGroupName;source_orgUnitGroupId;source_orgUnitOfProgramName;source_orgUnitOfProgramId;source_orgUnitOfDataSetName;source_orgUnitOfDataSetId;valueKey;source_ProgramName;source_programId;source_programStageName;source_programStageId;source_elementFilterName;source_elementFilterId;destination_name
1;GRATUITE_AS;MENSUELLE;AGGREGATE;GRTE001;ACCOUCHEMENTS NORMAUX ACCOUCHEMENTS;EGRATUITE;;;I.1.1. ACCOUCHEMENTS NORMAUX ACCOUCHEMENTS;C67octzpAFq;QUANTITE;Gv3JNxYAwVb;;;;;Formulaire de revue documentaire;uyjsNEHy5v6;;;quantiteDeclarer;;;;;;;ACHAT_STRATEGIQUE
1;GRATUITE_AS;MENSUELLE;AGGREGATE;GRTE002;ACCOUCHEMENTS ASSISTES A L'AIDE D'INSTRUMENTS ET/OU DE PRODUITS ACCOUCHEMENT;EGRATUITE;;;I.1.2. ACCOUCHEMENTS ASSISTES A L'AIDE D'INSTRUMENTS ET/OU DE PRODUITS  ACCOUCHEMENT;ECCUlUYDsB4;QUANTITE;Gv3JNxYAwVb;;;;;Formulaire de revue documentaire;uyjsNEHy5v6;;;quantiteDeclarer;;;;;;;ACHAT_STRATEGIQUE
1;GRATUITE_AS;MENSUELLE;AGGREGATE;GRTE003;SOINS D_URGENCE AUX NOUVEAU-NES ACCOUCHEMENT;EGRATUITE;;;I.1.3. SOINS D_URGENCE AUX NOUVEAU-NES ACCOUCHEMENT;Hw8coXjWZeu;QUANTITE;Gv3JNxYAwVb;;;;;Formulaire de revue documentaire;uyjsNEHy5v6;;;quantiteDeclarer;;;;;;;ACHAT_STRATEGIQUE
1;GRATUITE_AS;MENSUELLE;AGGREGATE;GRTE004;SOINS OBSTETRICAUX D_URGENCE ACCOUCHEMENT;EGRATUITE;;;I.1.4. SOINS OBSTETRICAUX D_URGENCE ACCOUCHEMENT;EZxbRgA5BZq;QUANTITE;Gv3JNxYAwVb;;;;;Formulaire de revue documentaire;uyjsNEHy5v6;;;quantiteDeclarer;;;;;;;ACHAT_STRATEGIQUE
1;GRATUITE_AS;MENSUELLE;AGGREGATE;GRTE005;SOINS CURATIFS DU POST PARTUM ACCOUCHEMENT;EGRATUITE;;;I.1.5. SOINS CURATIFS DU POST PARTUM ACCOUCHEMENT;Aj5ekblACXc;QUANTITE;Gv3JNxYAwVb;;;;;Formulaire de revue documentaire;uyjsNEHy5v6;;;quantiteDeclarer;;;;;;;ACHAT_STRATEGIQUE
1;GRATUITE_AS;MENSUELLE;AGGREGATE;GRTE006;CESARIENNES ACCOUCHEMENT;EGRATUITE;;;I.1.6. CESARIENNES ACCOUCHEMENT;L2GKaySzx81;QUANTITE;Gv3JNxYAwVb;;;;;Formulaire de revue documentaire;uyjsNEHy5v6;;;quantiteDeclarer;;;;;;;ACHAT_STRATEGIQUE
1;GRATUITE_AS;MENSUELLE;AGGREGATE;GRTE007;LAPAROTOMIE POUR RUPTURE UTERINE ACCOUCHEMENT;EGRATUITE;;;I.1.7. LAPAROTOMIE POUR RUPTURE UTERINE ACCOUCHEMENT;EqG1g7F8N6Q;QUANTITE;Gv3JNxYAwVb;;;;;Formulaire de revue documentaire;uyjsNEHy5v6;;;quantiteDeclarer;;;;;;;ACHAT_STRATEGIQUE
1;GRATUITE_AS;MENSUELLE;AGGREGATE;GRTE008;LAPAROTOMIE POUR GEU ACCOUCHEMENT;EGRATUITE;;;I.1.8. LAPAROTOMIE POUR GEU ACCOUCHEMENT;VVKi9MjBzmt;QUANTITE;Gv3JNxYAwVb;;;;;Formulaire de revue documentaire;uyjsNEHy5v6;;;quantiteDeclarer;;;;;;;ACHAT_STRATEGIQUE
1;GRATUITE_AS;MENSUELLE;AGGREGATE;GRTE009;CURE DE FISTULES OBSTETRICALES ACCOUCHEMENT;EGRATUITE;;;I.1.9. CURE DE FISTULES OBSTETRICALES ACCOUCHEMENT;UE15LtMhNLd;QUANTITE;Gv3JNxYAwVb;;;;;Formulaire de revue documentaire;uyjsNEHy5v6;;;quantiteDeclarer;;;;;;;ACHAT_STRATEGIQUE
1;GRATUITE_AS;MENSUELLE;AGGREGATE;GRTE010;CARBURANT EVACUATION ACCOUCHEMENT;EGRATUITE;;;I.2.1. CARBURANT EVACUATION ACCOUCHEMENT;tlFGVNO6JDp;QUANTITE;Gv3JNxYAwVb;;;;;Formulaire de revue documentaire;uyjsNEHy5v6;;;quantiteDeclarer;;;;;;;ACHAT_STRATEGIQUE
1;GRATUITE_AS;MENSUELLE;AGGREGATE;GRTE011;MONTANT TOTAL DES MEDICAMENTS ACCOUCHEMENT;EGRATUITE;;;I.2.2. MONTANT TOTAL DES MEDICAMENTS ACCOUCHEMENT;b5zddUTPqbx;QUANTITE;Gv3JNxYAwVb;;;;;Formulaire de revue documentaire;uyjsNEHy5v6;;;quantiteDeclarer;;;;;;;ACHAT_STRATEGIQUE
1;GRATUITE_AS;MENSUELLE;AGGREGATE;GRTE012;ACTES CONSULTATION_ACCOUCHEMENT_INTERVENTION_OBSTETRICALES;EGRATUITE;;;I.2.3. ACTES CONSULTATION_ACCOUCHEMENT_INTERVENTION_OBSTETRICALES;HWni6oxix39;QUANTITE;Gv3JNxYAwVb;;;;;Formulaire de revue documentaire;uyjsNEHy5v6;;;quantiteDeclarer;;;;;;;ACHAT_STRATEGIQUE
1;GRATUITE_AS;MENSUELLE;AGGREGATE;GRTE013;ACCOUCHEMENT HOSPITALISATION/MISE EN OBSERVATION ACCOUCHEMENT;EGRATUITE;;;I.2.4. ACCOUCHEMENT HOSPITALISATION/MISE EN OBSERVATION ACCOUCHEMENT;GGj1rTezVkm;QUANTITE;Gv3JNxYAwVb;;;;;Formulaire de revue documentaire;uyjsNEHy5v6;;;quantiteDeclarer;;;;;;;ACHAT_STRATEGIQUE
1;GRATUITE_AS;MENSUELLE;AGGREGATE;GRTE014;EXAMENS COMPLEMENTAIRES ACCOUCHEMENT;EGRATUITE;;;I.2.5. EXAMENS COMPLEMENTAIRES ACCOUCHEMENT;treytA0cihL;QUANTITE;Gv3JNxYAwVb;;;;;Formulaire de revue documentaire;uyjsNEHy5v6;;;quantiteDeclarer;;;;;;;ACHAT_STRATEGIQUE
1;GRATUITE_AS;MENSUELLE;AGGREGATE;GRTE015;SOINS PREVENTIFS GROSSESSE;EGRATUITE;;;II.1.1. SOINS PREVENTIFS GROSSESSE;wH8wwOjLuWn;QUANTITE;Gv3JNxYAwVb;;;;;Formulaire de revue documentaire;uyjsNEHy5v6;;;quantiteDeclarer;;;;;;;ACHAT_STRATEGIQUE
1;GRATUITE_AS;MENSUELLE;AGGREGATE;GRTE016;SOINS CURATIFS EN AMBULATOIRE GROSSESSE;EGRATUITE;;;II.1.2. SOINS CURATIFS EN AMBULATOIRE GROSSESSE;W9RA9p4esbn;QUANTITE;Gv3JNxYAwVb;;;;;Formulaire de revue documentaire;uyjsNEHy5v6;;;quantiteDeclarer;;;;;;;ACHAT_STRATEGIQUE
1;GRATUITE_AS;MENSUELLE;AGGREGATE;GRTE017;SOINS CURATIFS EN INTERNE HOSPITALISATION OU MISE EN OBSERVATION GROSSESSE;EGRATUITE;;;II.1.3. SOINS CURATIFS EN INTERNE HOSPITALISATION OU MISE EN OBSERVATION GROSSESSE;HvpFmo9uYaQ;QUANTITE;Gv3JNxYAwVb;;;;;Formulaire de revue documentaire;uyjsNEHy5v6;;;quantiteDeclarer;;;;;;;ACHAT_STRATEGIQUE
1;GRATUITE_AS;MENSUELLE;AGGREGATE;GRTE018;CARBURANT EVACUATION GROSSESSE;EGRATUITE;;;II.2.1. CARBURANT EVACUATION GROSSESSE;YkBq4PRnLQO;QUANTITE;Gv3JNxYAwVb;;;;;Formulaire de revue documentaire;uyjsNEHy5v6;;;quantiteDeclarer;;;;;;;ACHAT_STRATEGIQUE
1;GRATUITE_AS;MENSUELLE;AGGREGATE;GRTE019;MONTANT TOTAL DES MEDICAMENTS GROSSESSE;EGRATUITE;;;II.2.2. MONTANT TOTAL DES MEDICAMENTS GROSSESSE;f7MEjWMvfWa;QUANTITE;Gv3JNxYAwVb;;;;;Formulaire de revue documentaire;uyjsNEHy5v6;;;quantiteDeclarer;;;;;;;ACHAT_STRATEGIQUE
1;GRATUITE_AS;MENSUELLE;AGGREGATE;GRTE020;ACTES CONSULTATION_ACCOUCHEMENT_INTERVENTION GROSSESSE;EGRATUITE;;;II.2.3. ACTES CONSULTATION_ACCOUCHEMENT_INTERVENTION GROSSESSE;P3bkU5bGGhU;QUANTITE;Gv3JNxYAwVb;;;;;Formulaire de revue documentaire;uyjsNEHy5v6;;;quantiteDeclarer;;;;;;;ACHAT_STRATEGIQUE
1;GRATUITE_AS;MENSUELLE;AGGREGATE;GRTE021;HOSPITALISATION/MISE EN OBSERVATION GROSSESSE;EGRATUITE;;;II.2.4. HOSPITALISATION/MISE EN OBSERVATION GROSSESSE;SzvzKYAuVGk;QUANTITE;Gv3JNxYAwVb;;;;;Formulaire de revue documentaire;uyjsNEHy5v6;;;quantiteDeclarer;;;;;;;ACHAT_STRATEGIQUE
1;GRATUITE_AS;MENSUELLE;AGGREGATE;GRTE022;EXAMENS COMPLEMENTAIRES GROSSESSE;EGRATUITE;;;II.2.5. EXAMENS COMPLEMENTAIRES GROSSESSE;alThHtLWpM6;QUANTITE;Gv3JNxYAwVb;;;;;Formulaire de revue documentaire;uyjsNEHy5v6;;;quantiteDeclarer;;;;;;;ACHAT_STRATEGIQUE
1;GRATUITE_AS;MENSUELLE;AGGREGATE;GRTE023;LIGATURE DES TROMPES PF;EGRATUITE;;;III.1.1. LIGATURE DES TROMPES PF;aWeJSDEnTBu;QUANTITE;Gv3JNxYAwVb;;;;;Formulaire de revue documentaire;uyjsNEHy5v6;;;quantiteDeclarer;;;;;;;ACHAT_STRATEGIQUE
1;GRATUITE_AS;MENSUELLE;AGGREGATE;GRTE024;VASECTOMIE PF;EGRATUITE;;;III.1.2. VASECTOMIE PF;N4IYjsBVk1Z;QUANTITE;Gv3JNxYAwVb;;;;;Formulaire de revue documentaire;uyjsNEHy5v6;;;quantiteDeclarer;;;;;;;ACHAT_STRATEGIQUE
1;GRATUITE_AS;MENSUELLE;AGGREGATE;GRTE025;DIU INSERTION OU RETRAIT PF;EGRATUITE;;;III.1.3. DIU INSERTION OU RETRAIT PF;bIuRc0t7VKU;QUANTITE;Gv3JNxYAwVb;;;;;Formulaire de revue documentaire;uyjsNEHy5v6;;;quantiteDeclarer;;;;;;;ACHAT_STRATEGIQUE
1;GRATUITE_AS;MENSUELLE;AGGREGATE;GRTE026;IMPLANT 5 ANS INSERTION OU RETRAIT PF;EGRATUITE;;;III.1.4. IMPLANT 5 ANS INSERTION OU RETRAIT PF;qFsddqNT8SR;QUANTITE;Gv3JNxYAwVb;;;;;Formulaire de revue documentaire;uyjsNEHy5v6;;;quantiteDeclarer;;;;;;;ACHAT_STRATEGIQUE
1;GRATUITE_AS;MENSUELLE;AGGREGATE;GRTE027;IMPLANT 3 ANS INSERTION OU RETRAIT PF;EGRATUITE;;;III.1.5. IMPLANT 3 ANS INSERTION OU RETRAIT PF;ey5T5fX5HaR;QUANTITE;Gv3JNxYAwVb;;;;;Formulaire de revue documentaire;uyjsNEHy5v6;;;quantiteDeclarer;;;;;;;ACHAT_STRATEGIQUE
1;GRATUITE_AS;MENSUELLE;AGGREGATE;GRTE028;DEPO-PROVERA PF;EGRATUITE;;;III.1.9. DEPO-PROVERA PF;gIPzhdHCt2E;QUANTITE;Gv3JNxYAwVb;;;;;Formulaire de revue documentaire;uyjsNEHy5v6;;;quantiteDeclarer;;;;;;;ACHAT_STRATEGIQUE
1;GRATUITE_AS;MENSUELLE;AGGREGATE;GRTE029;SAYANA PRESS PF;EGRATUITE;;;III.1.10. SAYANA PRESS PF;KnG0D59pT9h;QUANTITE;Gv3JNxYAwVb;;;;;Formulaire de revue documentaire;uyjsNEHy5v6;;;quantiteDeclarer;;;;;;;ACHAT_STRATEGIQUE
1;GRATUITE_AS;MENSUELLE;AGGREGATE;GRTE030;PILULE PF;EGRATUITE;;;III.1.11. PILULE PF;AK5b6ermOdI;QUANTITE;Gv3JNxYAwVb;;;;;Formulaire de revue documentaire;uyjsNEHy5v6;;;quantiteDeclarer;;;;;;;ACHAT_STRATEGIQUE
1;GRATUITE_AS;MENSUELLE;AGGREGATE;GRTE031;CONDOM MASCULIN PF;EGRATUITE;;;III.1.12. CONDOM MASCULIN PF;m5nUTyDn0jc;QUANTITE;Gv3JNxYAwVb;;;;;Formulaire de revue documentaire;uyjsNEHy5v6;;;quantiteDeclarer;;;;;;;ACHAT_STRATEGIQUE
1;GRATUITE_AS;MENSUELLE;AGGREGATE;GRTE032;CONDOM FEMININ PF;EGRATUITE;;;III.1.13. CONDOM FEMININ PF;RDBwcoqxZoP;QUANTITE;Gv3JNxYAwVb;;;;;Formulaire de revue documentaire;uyjsNEHy5v6;;;quantiteDeclarer;;;;;;;ACHAT_STRATEGIQUE
1;GRATUITE_AS;MENSUELLE;AGGREGATE;GRTE033;COLLIER PF;EGRATUITE;;;III.1.14. COLLIER PF;k8MYymX0LDF;QUANTITE;Gv3JNxYAwVb;;;;;Formulaire de revue documentaire;uyjsNEHy5v6;;;quantiteDeclarer;;;;;;;ACHAT_STRATEGIQUE
1;GRATUITE_AS;MENSUELLE;AGGREGATE;GRTE034;MONTANT TOTAL DES MEDICAMENTS ET CONSOMMABLES MEDICAUX PF;EGRATUITE;;;III.2.1. MONTANT TOTAL DES MEDICAMENTS ET CONSOMMABLES MEDICAUX PF;SqSq6duOBuc;QUANTITE;Gv3JNxYAwVb;;;;;Formulaire de revue documentaire;uyjsNEHy5v6;;;quantiteDeclarer;;;;;;;ACHAT_STRATEGIQUE
1;GRATUITE_AS;MENSUELLE;AGGREGATE;GRTE035;EXAMENS COMPLEMENTAIRES PF;EGRATUITE;;;III.2.2. EXAMENS COMPLEMENTAIRES PF;kgwsTITsUzy;QUANTITE;Gv3JNxYAwVb;;;;;Formulaire de revue documentaire;uyjsNEHy5v6;;;quantiteDeclarer;;;;;;;ACHAT_STRATEGIQUE
1;GRATUITE_AS;MENSUELLE;AGGREGATE;GRTE036;ACTES PF;EGRATUITE;;;III.2.3. ACTES PF;tss1eVyOJjH;QUANTITE;Gv3JNxYAwVb;;;;;Formulaire de revue documentaire;uyjsNEHy5v6;;;quantiteDeclarer;;;;;;;ACHAT_STRATEGIQUE
1;GRATUITE_AS;MENSUELLE;AGGREGATE;GRTE037;CARBURANT SI EVACUATION PF;EGRATUITE;;;III.2.4. CARBURANT SI EVACUATION PF;lAqsZNzpmDX;QUANTITE;Gv3JNxYAwVb;;;;;Formulaire de revue documentaire;uyjsNEHy5v6;;;quantiteDeclarer;;;;;;;ACHAT_STRATEGIQUE
1;GRATUITE_AS;MENSUELLE;AGGREGATE;GRTE038;SOINS CURATIFS EN AMBULATOIRE ENFANTS;EGRATUITE;;;IV.1.1. SOINS CURATIFS EN AMBULATOIRE ENFANTS;InGas9oaZSN;QUANTITE;Gv3JNxYAwVb;;;;;Formulaire de revue documentaire;uyjsNEHy5v6;;;quantiteDeclarer;;;;;;;ACHAT_STRATEGIQUE
1;GRATUITE_AS;MENSUELLE;AGGREGATE;GRTE039;SOINS CURATIFS EN HOSPITALISATION/MISE EN OBSERVATION ENFANTS;EGRATUITE;;;IV.1.2. SOINS CURATIFS EN HOSPITALISATION/MISE EN OBSERVATION ENFANTS;oRFOXKPOKOn;QUANTITE;Gv3JNxYAwVb;;;;;Formulaire de revue documentaire;uyjsNEHy5v6;;;quantiteDeclarer;;;;;;;ACHAT_STRATEGIQUE
1;GRATUITE_AS;MENSUELLE;AGGREGATE;GRTE040;CARBURANT EVACUATION ENFANTS;EGRATUITE;;;IV.2.1. CARBURANT EVACUATION ENFANTS;iFD7tnorZlt;QUANTITE;Gv3JNxYAwVb;;;;;Formulaire de revue documentaire;uyjsNEHy5v6;;;quantiteDeclarer;;;;;;;ACHAT_STRATEGIQUE
1;GRATUITE_AS;MENSUELLE;AGGREGATE;GRTE041;MONTANT TOTAL DES MEDICAMENTS ENFANTS;EGRATUITE;;;IV.2.2. MONTANT TOTAL DES MEDICAMENTS ENFANTS;O0h8l5hpREm;QUANTITE;Gv3JNxYAwVb;;;;;Formulaire de revue documentaire;uyjsNEHy5v6;;;quantiteDeclarer;;;;;;;ACHAT_STRATEGIQUE
1;GRATUITE_AS;MENSUELLE;AGGREGATE;GRTE042;ACTES CONSULTATION_ACCOUCHEMENT_INTERVENTION ENFANTS;EGRATUITE;;;IV.2.3. ACTES CONSULTATION_ACCOUCHEMENT_INTERVENTION ENFANTS;g74JOV7Vbnu;QUANTITE;Gv3JNxYAwVb;;;;;Formulaire de revue documentaire;uyjsNEHy5v6;;;quantiteDeclarer;;;;;;;ACHAT_STRATEGIQUE
1;GRATUITE_AS;MENSUELLE;AGGREGATE;GRTE043;HOSPITALISATION/MISE EN OBSERVATION ENFANTS;EGRATUITE;;;IV.2.4. HOSPITALISATION/MISE EN OBSERVATION ENFANTS;AU3K2CsEPT0;QUANTITE;Gv3JNxYAwVb;;;;;Formulaire de revue documentaire;uyjsNEHy5v6;;;quantiteDeclarer;;;;;;;ACHAT_STRATEGIQUE
1;GRATUITE_AS;MENSUELLE;AGGREGATE;GRTE044;EXAMENS COMPLEMENTAIRES ENFANTS;EGRATUITE;;;IV.2.5. EXAMENS COMPLEMENTAIRES ENFANTS;QoGjtjGiPVU;QUANTITE;Gv3JNxYAwVb;;;;;Formulaire de revue documentaire;uyjsNEHy5v6;;;quantiteDeclarer;;;;;;;ACHAT_STRATEGIQUE
1;GRATUITE_AS;MENSUELLE;AGGREGATE;GRTE045;IVA/IVL DEPISTAGE;EGRATUITE;;;V.1.1. IVA/IVL DEPISTAGE;W42yK7NqsGA;QUANTITE;Gv3JNxYAwVb;;;;;Formulaire de revue documentaire;uyjsNEHy5v6;;;quantiteDeclarer;;;;;;;ACHAT_STRATEGIQUE
1;GRATUITE_AS;MENSUELLE;AGGREGATE;GRTE046;CRYOTHERAPIE DEPISTAGE;EGRATUITE;;;V.1.2. CRYOTHERAPIE DEPISTAGE;XAIZKwukJRb;QUANTITE;Gv3JNxYAwVb;;;;;Formulaire de revue documentaire;uyjsNEHy5v6;;;quantiteDeclarer;;;;;;;ACHAT_STRATEGIQUE
1;GRATUITE_AS;MENSUELLE;AGGREGATE;GRTE047;RESECTION A L_ANSE DIATHERMIQUE RAD DEPISTAGE;EGRATUITE;;;V.1.3. RESECTION A L_ANSE DIATHERMIQUE RAD DEPISTAGE;eDb3M21Cwpm;QUANTITE;Gv3JNxYAwVb;;;;;Formulaire de revue documentaire;uyjsNEHy5v6;;;quantiteDeclarer;;;;;;;ACHAT_STRATEGIQUE
1;GRATUITE_AS;MENSUELLE;AGGREGATE;GRTE048;MONTANT TOTAL DES MEDICAMENTS DEPISTAGE;EGRATUITE;;;V.2.1 MONTANT TOTAL DES MEDICAMENTS DEPISTAGE;J3WGodYDMPm;QUANTITE;Gv3JNxYAwVb;;;;;Formulaire de revue documentaire;uyjsNEHy5v6;;;quantiteDeclarer;;;;;;;ACHAT_STRATEGIQUE
1;GRATUITE_AS;MENSUELLE;AGGREGATE;GRTE049;ACTES CONSULTATIONS_HOSPITALISATION DEPISTAGE;EGRATUITE;;;V.2.2. ACTES CONSULTATIONS_HOSPITALISATION DEPISTAGE;oXOXwucJXc9;QUANTITE;Gv3JNxYAwVb;;;;;Formulaire de revue documentaire;uyjsNEHy5v6;;;quantiteDeclarer;;;;;;;ACHAT_STRATEGIQUE
1;GRATUITE_AS;MENSUELLE;AGGREGATE;GRTE050;EXAMENS COMPLEMENTAIRES DEPISTAGE;EGRATUITE;;;V.2.3. EXAMENS COMPLEMENTAIRES DEPISTAGE;soBSH0ujCXj;QUANTITE;Gv3JNxYAwVb;;;;;Formulaire de revue documentaire;uyjsNEHy5v6;;;quantiteDeclarer;;;;;;;ACHAT_STRATEGIQUE
1;GRATUITE_AS;MENSUELLE;AGGREGATE;GRTE051;SOINS EN AMBULATOIRE PERSONNES AGEES;EGRATUITE;;;VI.1.1. SOINS EN AMBULATOIRE PERSONNES AGEES;cLmdOjTptS8;QUANTITE;Gv3JNxYAwVb;;;;;Formulaire de revue documentaire;uyjsNEHy5v6;;;quantiteDeclarer;;;;;;;ACHAT_STRATEGIQUE
1;GRATUITE_AS;MENSUELLE;AGGREGATE;GRTE052;SOINS EN OBSERVATION/HOSPITALISATION PERSONNES AGEES;EGRATUITE;;;VI.1.2. SOINS EN OBSERVATION/HOSPITALISATION PERSONNES AGEES;FcmGTDVuWd5;QUANTITE;Gv3JNxYAwVb;;;;;Formulaire de revue documentaire;uyjsNEHy5v6;;;quantiteDeclarer;;;;;;;ACHAT_STRATEGIQUE
1;GRATUITE_AS;MENSUELLE;AGGREGATE;GRTE053;CONSULTATIONS ANNUELLES DE SANTE PERSONNES AGEES;EGRATUITE;;;VI.1.3. CONSULTATIONS ANNUELLES DE SANTE PERSONNES AGEES;hzkJFpDkrwJ;QUANTITE;Gv3JNxYAwVb;;;;;Formulaire de revue documentaire;uyjsNEHy5v6;;;quantiteDeclarer;;;;;;;ACHAT_STRATEGIQUE
1;GRATUITE_AS;MENSUELLE;AGGREGATE;GRTE054;CARBURANT EVACUATION PERSONNES AGEES;EGRATUITE;;;VI.2.1. CARBURANT EVACUATION PERSONNES AGEES;KkgYmXNTsxd;QUANTITE;Gv3JNxYAwVb;;;;;Formulaire de revue documentaire;uyjsNEHy5v6;;;quantiteDeclarer;;;;;;;ACHAT_STRATEGIQUE
1;GRATUITE_AS;MENSUELLE;AGGREGATE;GRTE055;MONTANT TOTAL DES MEDICAMENTS ET CONSOMMABLES MEDICAUX PERSONNES AGEES;EGRATUITE;;;VI.2.2. MONTANT TOTAL DES MEDICAMENTS ET CONSOMMABLES MEDICAUX PERSONNES AGEES;QQiATXg5ave;QUANTITE;Gv3JNxYAwVb;;;;;Formulaire de revue documentaire;uyjsNEHy5v6;;;quantiteDeclarer;;;;;;;ACHAT_STRATEGIQUE
1;GRATUITE_AS;MENSUELLE;AGGREGATE;GRTE056;EXAMENS COMPLEMENTAIRES PERSONNES AGEES;EGRATUITE;;;VI.2.3. EXAMENS COMPLEMENTAIRES PERSONNES AGEES;jZgOZBgIeXt;QUANTITE;Gv3JNxYAwVb;;;;;Formulaire de revue documentaire;uyjsNEHy5v6;;;quantiteDeclarer;;;;;;;ACHAT_STRATEGIQUE
1;GRATUITE_AS;MENSUELLE;AGGREGATE;GRTE057;ACTES (CONSULTATIONS, CHIRURGIES) PERSONNES AGEES;EGRATUITE;;;VI.2.4. ACTES (CONSULTATIONS, CHIRURGIES) PERSONNES AGEES;LLrDhNiFkd7;QUANTITE;Gv3JNxYAwVb;;;;;Formulaire de revue documentaire;uyjsNEHy5v6;;;quantiteDeclarer;;;;;;;ACHAT_STRATEGIQUE
1;GRATUITE_AS;MENSUELLE;AGGREGATE;GRTE058;MISE EN OBSERVATION/HOSPITALISATION PERSONNES AGEES;EGRATUITE;;;VI.2.5. MISE EN OBSERVATION/HOSPITALISATION PERSONNES AGEES;tOqhktnb611;QUANTITE;Gv3JNxYAwVb;;;;;Formulaire de revue documentaire;uyjsNEHy5v6;;;quantiteDeclarer;;;;;;;ACHAT_STRATEGIQUE
1;GRATUITE_AS;MENSUELLE;AGGREGATE;GRTE059;DEPISTAGE EN MILIEU DE SOINS PVVIH;EGRATUITE;;;VII.1.1. DEPISTAGE EN MILIEU DE SOINS PVVIH;dlVmwnX299n;QUANTITE;Gv3JNxYAwVb;;;;;Formulaire de revue documentaire;uyjsNEHy5v6;;;quantiteDeclarer;;;;;;;ACHAT_STRATEGIQUE
1;GRATUITE_AS;MENSUELLE;AGGREGATE;GRTE060;SUIVI MEDICAL ET BIOLOGIQUE PVVIH;EGRATUITE;;;VII.1.2. SUIVI MEDICAL ET BIOLOGIQUE PVVIH;wQx9ueRSLFw;QUANTITE;Gv3JNxYAwVb;;;;;Formulaire de revue documentaire;uyjsNEHy5v6;;;quantiteDeclarer;;;;;;;ACHAT_STRATEGIQUE
1;GRATUITE_AS;MENSUELLE;AGGREGATE;GRTE061;ACTES (CONSULTATIONS, CHIRURGIES) PVVIH;EGRATUITE;;;VII.2.1. ACTES (CONSULTATIONS, CHIRURGIES) PVVIH;Ibcoo1pyRbL;QUANTITE;Gv3JNxYAwVb;;;;;Formulaire de revue documentaire;uyjsNEHy5v6;;;quantiteDeclarer;;;;;;;ACHAT_STRATEGIQUE
1;GRATUITE_AS;MENSUELLE;AGGREGATE;GRTE062;MONTANT TOTAL DES MEDICAMENTS ET CONSOMMABLES MEDICAUX PVVIH;EGRATUITE;;;VII.2.2. MONTANT TOTAL DES MEDICAMENTS ET CONSOMMABLES MEDICAUX PVVIH;NxwCnENBosO;QUANTITE;Gv3JNxYAwVb;;;;;Formulaire de revue documentaire;uyjsNEHy5v6;;;quantiteDeclarer;;;;;;;ACHAT_STRATEGIQUE
1;GRATUITE_AS;MENSUELLE;AGGREGATE;GRTE063;EXAMENS COMPLEMENTAIRES PVVIH;EGRATUITE;;;VII.2.3. EXAMENS COMPLEMENTAIRES PVVIH;rHYaPgdrwxZ;QUANTITE;Gv3JNxYAwVb;;;;;Formulaire de revue documentaire;uyjsNEHy5v6;;;quantiteDeclarer;;;;;;;ACHAT_STRATEGIQUE
1;GRATUITE_AS;MENSUELLE;AGGREGATE;GRTE064;MISE EN OBSERVATION/HOSPITALISATION PVVIH;EGRATUITE;;;VII.2.4. MISE EN OBSERVATION/HOSPITALISATION PVVIH;RNJoIpdtFzL;QUANTITE;Gv3JNxYAwVb;;;;;Formulaire de revue documentaire;uyjsNEHy5v6;;;quantiteDeclarer;;;;;;;ACHAT_STRATEGIQUE
1;GRATUITE_AS;MENSUELLE;AGGREGATE;GRTE065;SOINS CURATIFS CONTRE LA DIARRHEE COMMUNAUTAIRE;EGRATUITE;;;VIII.1. SOINS CURATIFS CONTRE LA DIARRHEE COMMUNAUTAIRE;huUJ6pGez7M;QUANTITE;Gv3JNxYAwVb;;;;;Formulaire de revue documentaire;uyjsNEHy5v6;;;quantiteDeclarer;;;;;;;ACHAT_STRATEGIQUE
1;GRATUITE_AS;MENSUELLE;AGGREGATE;GRTE066;SOINS CURATIFS CONTRE LA PNEUMONIE COMMUNAUTAIRE;EGRATUITE;;;VIII.2. SOINS CURATIFS CONTRE LA PNEUMONIE COMMUNAUTAIRE;FjxJPlOWFuW;QUANTITE;Gv3JNxYAwVb;;;;;Formulaire de revue documentaire;uyjsNEHy5v6;;;quantiteDeclarer;;;;;;;ACHAT_STRATEGIQUE
1;GRATUITE_AS;MENSUELLE;AGGREGATE;GRTE067;SOINS CURATIFS CONTRE LE PALUDISME SIMPLE COMMUNAUTAIRE;EGRATUITE;;;VIII.3. SOINS CURATIFS CONTRE LE PALUDISME SIMPLE COMMUNAUTAIRE;KEVUJcnS4QA;QUANTITE;Gv3JNxYAwVb;;;;;Formulaire de revue documentaire;uyjsNEHy5v6;;;quantiteDeclarer;;;;;;;ACHAT_STRATEGIQUE
1;GRATUITE_AS;MENSUELLE;AGGREGATE;GRTE068;SOINS PRE-TRANSFERT DU PALUDISME GRAVE COMMUNAUTAIRE;EGRATUITE;;;VIII.4. SOINS PRE-TRANSFERT DU PALUDISME GRAVE COMMUNAUTAIRE;yj6oTHm4Vu6;QUANTITE;Gv3JNxYAwVb;;;;;Formulaire de revue documentaire;uyjsNEHy5v6;;;quantiteDeclarer;;;;;;;ACHAT_STRATEGIQUE
1;GRATUITE_AS;MENSUELLE;AGGREGATE;GRTE069;TDR PALUDISME COMMUNAUTAIRE;EGRATUITE;;;VIII.5. TDR PALUDISME COMMUNAUTAIRE;VHm5XZMdcC9;QUANTITE;Gv3JNxYAwVb;;;;;Formulaire de revue documentaire;uyjsNEHy5v6;;;quantiteDeclarer;;;;;;;ACHAT_STRATEGIQUE
1;GRATUITE_AS;MENSUELLE;AGGREGATE;GRTE070;SAYANA PRESS COMMUNAUTAIRE;EGRATUITE;;;VIII.6. SAYANA PRESS COMMUNAUTAIRE;lJatyGrM2Zc;QUANTITE;Gv3JNxYAwVb;;;;;Formulaire de revue documentaire;uyjsNEHy5v6;;;quantiteDeclarer;;;;;;;ACHAT_STRATEGIQUE
1;GRATUITE_AS;MENSUELLE;AGGREGATE;GRTE071;PILULE COMMUNAUTAIRE;EGRATUITE;;;VIII.7. PILULE COMMUNAUTAIRE;hDGs849wCtj;QUANTITE;Gv3JNxYAwVb;;;;;Formulaire de revue documentaire;uyjsNEHy5v6;;;quantiteDeclarer;;;;;;;ACHAT_STRATEGIQUE
1;GRATUITE_AS;MENSUELLE;AGGREGATE;GRTE072;CONDOM MASCULIN COMMUNAUTAIRE;EGRATUITE;;;VIII.8. CONDOM MASCULIN COMMUNAUTAIRE;oRrAn3CNnea;QUANTITE;Gv3JNxYAwVb;;;;;Formulaire de revue documentaire;uyjsNEHy5v6;;;quantiteDeclarer;;;;;;;ACHAT_STRATEGIQUE
1;GRATUITE_AS;MENSUELLE;AGGREGATE;GRTE073;CONDOM FEMININ COMMUNAUTAIRE;EGRATUITE;;;VIII.9. CONDOM FEMININ COMMUNAUTAIRE;xLyQQh3rAMl;QUANTITE;Gv3JNxYAwVb;;;;;Formulaire de revue documentaire;uyjsNEHy5v6;;;quantiteDeclarer;;;;;;;ACHAT_STRATEGIQUE
2;GRATUITE_AS;MENSUELLE;AGGREGATE;GRTE001;ACCOUCHEMENTS NORMAUX ACCOUCHEMENTS;EGRATUITE;;;I.1.1. ACCOUCHEMENTS NORMAUX ACCOUCHEMENTS;C67octzpAFq;COÛT;dNttMsO2HVn;;;;;Formulaire de revue documentaire;uyjsNEHy5v6;;;coutDeclarer;;;;;;;ACHAT_STRATEGIQUE
2;GRATUITE_AS;MENSUELLE;AGGREGATE;GRTE002;ACCOUCHEMENTS ASSISTES A L'AIDE D'INSTRUMENTS ET/OU DE PRODUITS ACCOUCHEMENT;EGRATUITE;;;I.1.2. ACCOUCHEMENTS ASSISTES A L'AIDE D'INSTRUMENTS ET/OU DE PRODUITS  ACCOUCHEMENT;ECCUlUYDsB4;COÛT;dNttMsO2HVn;;;;;Formulaire de revue documentaire;uyjsNEHy5v6;;;coutDeclarer;;;;;;;ACHAT_STRATEGIQUE
2;GRATUITE_AS;MENSUELLE;AGGREGATE;GRTE003;SOINS D_URGENCE AUX NOUVEAU-NES ACCOUCHEMENT;EGRATUITE;;;I.1.3. SOINS D_URGENCE AUX NOUVEAU-NES ACCOUCHEMENT;Hw8coXjWZeu;COÛT;dNttMsO2HVn;;;;;Formulaire de revue documentaire;uyjsNEHy5v6;;;coutDeclarer;;;;;;;ACHAT_STRATEGIQUE
2;GRATUITE_AS;MENSUELLE;AGGREGATE;GRTE004;SOINS OBSTETRICAUX D_URGENCE ACCOUCHEMENT;EGRATUITE;;;I.1.4. SOINS OBSTETRICAUX D_URGENCE ACCOUCHEMENT;EZxbRgA5BZq;COÛT;dNttMsO2HVn;;;;;Formulaire de revue documentaire;uyjsNEHy5v6;;;coutDeclarer;;;;;;;ACHAT_STRATEGIQUE
2;GRATUITE_AS;MENSUELLE;AGGREGATE;GRTE005;SOINS CURATIFS DU POST PARTUM ACCOUCHEMENT;EGRATUITE;;;I.1.5. SOINS CURATIFS DU POST PARTUM ACCOUCHEMENT;Aj5ekblACXc;COÛT;dNttMsO2HVn;;;;;Formulaire de revue documentaire;uyjsNEHy5v6;;;coutDeclarer;;;;;;;ACHAT_STRATEGIQUE
2;GRATUITE_AS;MENSUELLE;AGGREGATE;GRTE006;CESARIENNES ACCOUCHEMENT;EGRATUITE;;;I.1.6. CESARIENNES ACCOUCHEMENT;L2GKaySzx81;COÛT;dNttMsO2HVn;;;;;Formulaire de revue documentaire;uyjsNEHy5v6;;;coutDeclarer;;;;;;;ACHAT_STRATEGIQUE
2;GRATUITE_AS;MENSUELLE;AGGREGATE;GRTE007;LAPAROTOMIE POUR RUPTURE UTERINE ACCOUCHEMENT;EGRATUITE;;;I.1.7. LAPAROTOMIE POUR RUPTURE UTERINE ACCOUCHEMENT;EqG1g7F8N6Q;COÛT;dNttMsO2HVn;;;;;Formulaire de revue documentaire;uyjsNEHy5v6;;;coutDeclarer;;;;;;;ACHAT_STRATEGIQUE
2;GRATUITE_AS;MENSUELLE;AGGREGATE;GRTE008;LAPAROTOMIE POUR GEU ACCOUCHEMENT;EGRATUITE;;;I.1.8. LAPAROTOMIE POUR GEU ACCOUCHEMENT;VVKi9MjBzmt;COÛT;dNttMsO2HVn;;;;;Formulaire de revue documentaire;uyjsNEHy5v6;;;coutDeclarer;;;;;;;ACHAT_STRATEGIQUE
2;GRATUITE_AS;MENSUELLE;AGGREGATE;GRTE009;CURE DE FISTULES OBSTETRICALES ACCOUCHEMENT;EGRATUITE;;;I.1.9. CURE DE FISTULES OBSTETRICALES ACCOUCHEMENT;UE15LtMhNLd;COÛT;dNttMsO2HVn;;;;;Formulaire de revue documentaire;uyjsNEHy5v6;;;coutDeclarer;;;;;;;ACHAT_STRATEGIQUE
2;GRATUITE_AS;MENSUELLE;AGGREGATE;GRTE010;CARBURANT EVACUATION ACCOUCHEMENT;EGRATUITE;;;I.2.1. CARBURANT EVACUATION ACCOUCHEMENT;tlFGVNO6JDp;COÛT;dNttMsO2HVn;;;;;Formulaire de revue documentaire;uyjsNEHy5v6;;;coutDeclarer;;;;;;;ACHAT_STRATEGIQUE
2;GRATUITE_AS;MENSUELLE;AGGREGATE;GRTE011;MONTANT TOTAL DES MEDICAMENTS ACCOUCHEMENT;EGRATUITE;;;I.2.2. MONTANT TOTAL DES MEDICAMENTS ACCOUCHEMENT;b5zddUTPqbx;COÛT;dNttMsO2HVn;;;;;Formulaire de revue documentaire;uyjsNEHy5v6;;;coutDeclarer;;;;;;;ACHAT_STRATEGIQUE
2;GRATUITE_AS;MENSUELLE;AGGREGATE;GRTE012;ACTES CONSULTATION_ACCOUCHEMENT_INTERVENTION_OBSTETRICALES;EGRATUITE;;;I.2.3. ACTES CONSULTATION_ACCOUCHEMENT_INTERVENTION_OBSTETRICALES;HWni6oxix39;COÛT;dNttMsO2HVn;;;;;Formulaire de revue documentaire;uyjsNEHy5v6;;;coutDeclarer;;;;;;;ACHAT_STRATEGIQUE
2;GRATUITE_AS;MENSUELLE;AGGREGATE;GRTE013;ACCOUCHEMENT HOSPITALISATION/MISE EN OBSERVATION ACCOUCHEMENT;EGRATUITE;;;I.2.4. ACCOUCHEMENT HOSPITALISATION/MISE EN OBSERVATION ACCOUCHEMENT;GGj1rTezVkm;COÛT;dNttMsO2HVn;;;;;Formulaire de revue documentaire;uyjsNEHy5v6;;;coutDeclarer;;;;;;;ACHAT_STRATEGIQUE
2;GRATUITE_AS;MENSUELLE;AGGREGATE;GRTE014;EXAMENS COMPLEMENTAIRES ACCOUCHEMENT;EGRATUITE;;;I.2.5. EXAMENS COMPLEMENTAIRES ACCOUCHEMENT;treytA0cihL;COÛT;dNttMsO2HVn;;;;;Formulaire de revue documentaire;uyjsNEHy5v6;;;coutDeclarer;;;;;;;ACHAT_STRATEGIQUE
2;GRATUITE_AS;MENSUELLE;AGGREGATE;GRTE015;SOINS PREVENTIFS GROSSESSE;EGRATUITE;;;II.1.1. SOINS PREVENTIFS GROSSESSE;wH8wwOjLuWn;COÛT;dNttMsO2HVn;;;;;Formulaire de revue documentaire;uyjsNEHy5v6;;;coutDeclarer;;;;;;;ACHAT_STRATEGIQUE
2;GRATUITE_AS;MENSUELLE;AGGREGATE;GRTE016;SOINS CURATIFS EN AMBULATOIRE GROSSESSE;EGRATUITE;;;II.1.2. SOINS CURATIFS EN AMBULATOIRE GROSSESSE;W9RA9p4esbn;COÛT;dNttMsO2HVn;;;;;Formulaire de revue documentaire;uyjsNEHy5v6;;;coutDeclarer;;;;;;;ACHAT_STRATEGIQUE
2;GRATUITE_AS;MENSUELLE;AGGREGATE;GRTE017;SOINS CURATIFS EN INTERNE HOSPITALISATION OU MISE EN OBSERVATION GROSSESSE;EGRATUITE;;;II.1.3. SOINS CURATIFS EN INTERNE HOSPITALISATION OU MISE EN OBSERVATION GROSSESSE;HvpFmo9uYaQ;COÛT;dNttMsO2HVn;;;;;Formulaire de revue documentaire;uyjsNEHy5v6;;;coutDeclarer;;;;;;;ACHAT_STRATEGIQUE
2;GRATUITE_AS;MENSUELLE;AGGREGATE;GRTE018;CARBURANT EVACUATION GROSSESSE;EGRATUITE;;;II.2.1. CARBURANT EVACUATION GROSSESSE;YkBq4PRnLQO;COÛT;dNttMsO2HVn;;;;;Formulaire de revue documentaire;uyjsNEHy5v6;;;coutDeclarer;;;;;;;ACHAT_STRATEGIQUE
2;GRATUITE_AS;MENSUELLE;AGGREGATE;GRTE019;MONTANT TOTAL DES MEDICAMENTS GROSSESSE;EGRATUITE;;;II.2.2. MONTANT TOTAL DES MEDICAMENTS GROSSESSE;f7MEjWMvfWa;COÛT;dNttMsO2HVn;;;;;Formulaire de revue documentaire;uyjsNEHy5v6;;;coutDeclarer;;;;;;;ACHAT_STRATEGIQUE
2;GRATUITE_AS;MENSUELLE;AGGREGATE;GRTE020;ACTES CONSULTATION_ACCOUCHEMENT_INTERVENTION GROSSESSE;EGRATUITE;;;II.2.3. ACTES CONSULTATION_ACCOUCHEMENT_INTERVENTION GROSSESSE;P3bkU5bGGhU;COÛT;dNttMsO2HVn;;;;;Formulaire de revue documentaire;uyjsNEHy5v6;;;coutDeclarer;;;;;;;ACHAT_STRATEGIQUE
2;GRATUITE_AS;MENSUELLE;AGGREGATE;GRTE021;HOSPITALISATION/MISE EN OBSERVATION GROSSESSE;EGRATUITE;;;II.2.4. HOSPITALISATION/MISE EN OBSERVATION GROSSESSE;SzvzKYAuVGk;COÛT;dNttMsO2HVn;;;;;Formulaire de revue documentaire;uyjsNEHy5v6;;;coutDeclarer;;;;;;;ACHAT_STRATEGIQUE
2;GRATUITE_AS;MENSUELLE;AGGREGATE;GRTE022;EXAMENS COMPLEMENTAIRES GROSSESSE;EGRATUITE;;;II.2.5. EXAMENS COMPLEMENTAIRES GROSSESSE;alThHtLWpM6;COÛT;dNttMsO2HVn;;;;;Formulaire de revue documentaire;uyjsNEHy5v6;;;coutDeclarer;;;;;;;ACHAT_STRATEGIQUE
2;GRATUITE_AS;MENSUELLE;AGGREGATE;GRTE023;LIGATURE DES TROMPES PF;EGRATUITE;;;III.1.1. LIGATURE DES TROMPES PF;aWeJSDEnTBu;COÛT;dNttMsO2HVn;;;;;Formulaire de revue documentaire;uyjsNEHy5v6;;;coutDeclarer;;;;;;;ACHAT_STRATEGIQUE
2;GRATUITE_AS;MENSUELLE;AGGREGATE;GRTE024;VASECTOMIE PF;EGRATUITE;;;III.1.2. VASECTOMIE PF;N4IYjsBVk1Z;COÛT;dNttMsO2HVn;;;;;Formulaire de revue documentaire;uyjsNEHy5v6;;;coutDeclarer;;;;;;;ACHAT_STRATEGIQUE
2;GRATUITE_AS;MENSUELLE;AGGREGATE;GRTE025;DIU INSERTION OU RETRAIT PF;EGRATUITE;;;III.1.3. DIU INSERTION OU RETRAIT PF;bIuRc0t7VKU;COÛT;dNttMsO2HVn;;;;;Formulaire de revue documentaire;uyjsNEHy5v6;;;coutDeclarer;;;;;;;ACHAT_STRATEGIQUE
2;GRATUITE_AS;MENSUELLE;AGGREGATE;GRTE026;IMPLANT 5 ANS INSERTION OU RETRAIT PF;EGRATUITE;;;III.1.4. IMPLANT 5 ANS INSERTION OU RETRAIT PF;qFsddqNT8SR;COÛT;dNttMsO2HVn;;;;;Formulaire de revue documentaire;uyjsNEHy5v6;;;coutDeclarer;;;;;;;ACHAT_STRATEGIQUE
2;GRATUITE_AS;MENSUELLE;AGGREGATE;GRTE027;IMPLANT 3 ANS INSERTION OU RETRAIT PF;EGRATUITE;;;III.1.5. IMPLANT 3 ANS INSERTION OU RETRAIT PF;ey5T5fX5HaR;COÛT;dNttMsO2HVn;;;;;Formulaire de revue documentaire;uyjsNEHy5v6;;;coutDeclarer;;;;;;;ACHAT_STRATEGIQUE
2;GRATUITE_AS;MENSUELLE;AGGREGATE;GRTE028;DEPO-PROVERA PF;EGRATUITE;;;III.1.9. DEPO-PROVERA PF;gIPzhdHCt2E;COÛT;dNttMsO2HVn;;;;;Formulaire de revue documentaire;uyjsNEHy5v6;;;coutDeclarer;;;;;;;ACHAT_STRATEGIQUE
2;GRATUITE_AS;MENSUELLE;AGGREGATE;GRTE029;SAYANA PRESS PF;EGRATUITE;;;III.1.10. SAYANA PRESS PF;KnG0D59pT9h;COÛT;dNttMsO2HVn;;;;;Formulaire de revue documentaire;uyjsNEHy5v6;;;coutDeclarer;;;;;;;ACHAT_STRATEGIQUE
2;GRATUITE_AS;MENSUELLE;AGGREGATE;GRTE030;PILULE PF;EGRATUITE;;;III.1.11. PILULE PF;AK5b6ermOdI;COÛT;dNttMsO2HVn;;;;;Formulaire de revue documentaire;uyjsNEHy5v6;;;coutDeclarer;;;;;;;ACHAT_STRATEGIQUE
2;GRATUITE_AS;MENSUELLE;AGGREGATE;GRTE031;CONDOM MASCULIN PF;EGRATUITE;;;III.1.12. CONDOM MASCULIN PF;m5nUTyDn0jc;COÛT;dNttMsO2HVn;;;;;Formulaire de revue documentaire;uyjsNEHy5v6;;;coutDeclarer;;;;;;;ACHAT_STRATEGIQUE
2;GRATUITE_AS;MENSUELLE;AGGREGATE;GRTE032;CONDOM FEMININ PF;EGRATUITE;;;III.1.13. CONDOM FEMININ PF;RDBwcoqxZoP;COÛT;dNttMsO2HVn;;;;;Formulaire de revue documentaire;uyjsNEHy5v6;;;coutDeclarer;;;;;;;ACHAT_STRATEGIQUE
2;GRATUITE_AS;MENSUELLE;AGGREGATE;GRTE033;COLLIER PF;EGRATUITE;;;III.1.14. COLLIER PF;k8MYymX0LDF;COÛT;dNttMsO2HVn;;;;;Formulaire de revue documentaire;uyjsNEHy5v6;;;coutDeclarer;;;;;;;ACHAT_STRATEGIQUE
2;GRATUITE_AS;MENSUELLE;AGGREGATE;GRTE034;MONTANT TOTAL DES MEDICAMENTS ET CONSOMMABLES MEDICAUX PF;EGRATUITE;;;III.2.1. MONTANT TOTAL DES MEDICAMENTS ET CONSOMMABLES MEDICAUX PF;SqSq6duOBuc;COÛT;dNttMsO2HVn;;;;;Formulaire de revue documentaire;uyjsNEHy5v6;;;coutDeclarer;;;;;;;ACHAT_STRATEGIQUE
2;GRATUITE_AS;MENSUELLE;AGGREGATE;GRTE035;EXAMENS COMPLEMENTAIRES PF;EGRATUITE;;;III.2.2. EXAMENS COMPLEMENTAIRES PF;kgwsTITsUzy;COÛT;dNttMsO2HVn;;;;;Formulaire de revue documentaire;uyjsNEHy5v6;;;coutDeclarer;;;;;;;ACHAT_STRATEGIQUE
2;GRATUITE_AS;MENSUELLE;AGGREGATE;GRTE036;ACTES PF;EGRATUITE;;;III.2.3. ACTES PF;tss1eVyOJjH;COÛT;dNttMsO2HVn;;;;;Formulaire de revue documentaire;uyjsNEHy5v6;;;coutDeclarer;;;;;;;ACHAT_STRATEGIQUE
2;GRATUITE_AS;MENSUELLE;AGGREGATE;GRTE037;CARBURANT SI EVACUATION PF;EGRATUITE;;;III.2.4. CARBURANT SI EVACUATION PF;lAqsZNzpmDX;COÛT;dNttMsO2HVn;;;;;Formulaire de revue documentaire;uyjsNEHy5v6;;;coutDeclarer;;;;;;;ACHAT_STRATEGIQUE
2;GRATUITE_AS;MENSUELLE;AGGREGATE;GRTE038;SOINS CURATIFS EN AMBULATOIRE ENFANTS;EGRATUITE;;;IV.1.1. SOINS CURATIFS EN AMBULATOIRE ENFANTS;InGas9oaZSN;COÛT;dNttMsO2HVn;;;;;Formulaire de revue documentaire;uyjsNEHy5v6;;;coutDeclarer;;;;;;;ACHAT_STRATEGIQUE
2;GRATUITE_AS;MENSUELLE;AGGREGATE;GRTE039;SOINS CURATIFS EN HOSPITALISATION/MISE EN OBSERVATION ENFANTS;EGRATUITE;;;IV.1.2. SOINS CURATIFS EN HOSPITALISATION/MISE EN OBSERVATION ENFANTS;oRFOXKPOKOn;COÛT;dNttMsO2HVn;;;;;Formulaire de revue documentaire;uyjsNEHy5v6;;;coutDeclarer;;;;;;;ACHAT_STRATEGIQUE
2;GRATUITE_AS;MENSUELLE;AGGREGATE;GRTE040;CARBURANT EVACUATION ENFANTS;EGRATUITE;;;IV.2.1. CARBURANT EVACUATION ENFANTS;iFD7tnorZlt;COÛT;dNttMsO2HVn;;;;;Formulaire de revue documentaire;uyjsNEHy5v6;;;coutDeclarer;;;;;;;ACHAT_STRATEGIQUE
2;GRATUITE_AS;MENSUELLE;AGGREGATE;GRTE041;MONTANT TOTAL DES MEDICAMENTS ENFANTS;EGRATUITE;;;IV.2.2. MONTANT TOTAL DES MEDICAMENTS ENFANTS;O0h8l5hpREm;COÛT;dNttMsO2HVn;;;;;Formulaire de revue documentaire;uyjsNEHy5v6;;;coutDeclarer;;;;;;;ACHAT_STRATEGIQUE
2;GRATUITE_AS;MENSUELLE;AGGREGATE;GRTE042;ACTES CONSULTATION_ACCOUCHEMENT_INTERVENTION ENFANTS;EGRATUITE;;;IV.2.3. ACTES CONSULTATION_ACCOUCHEMENT_INTERVENTION ENFANTS;g74JOV7Vbnu;COÛT;dNttMsO2HVn;;;;;Formulaire de revue documentaire;uyjsNEHy5v6;;;coutDeclarer;;;;;;;ACHAT_STRATEGIQUE
2;GRATUITE_AS;MENSUELLE;AGGREGATE;GRTE043;HOSPITALISATION/MISE EN OBSERVATION ENFANTS;EGRATUITE;;;IV.2.4. HOSPITALISATION/MISE EN OBSERVATION ENFANTS;AU3K2CsEPT0;COÛT;dNttMsO2HVn;;;;;Formulaire de revue documentaire;uyjsNEHy5v6;;;coutDeclarer;;;;;;;ACHAT_STRATEGIQUE
2;GRATUITE_AS;MENSUELLE;AGGREGATE;GRTE044;EXAMENS COMPLEMENTAIRES ENFANTS;EGRATUITE;;;IV.2.5. EXAMENS COMPLEMENTAIRES ENFANTS;QoGjtjGiPVU;COÛT;dNttMsO2HVn;;;;;Formulaire de revue documentaire;uyjsNEHy5v6;;;coutDeclarer;;;;;;;ACHAT_STRATEGIQUE
2;GRATUITE_AS;MENSUELLE;AGGREGATE;GRTE045;IVA/IVL DEPISTAGE;EGRATUITE;;;V.1.1. IVA/IVL DEPISTAGE;W42yK7NqsGA;COÛT;dNttMsO2HVn;;;;;Formulaire de revue documentaire;uyjsNEHy5v6;;;coutDeclarer;;;;;;;ACHAT_STRATEGIQUE
2;GRATUITE_AS;MENSUELLE;AGGREGATE;GRTE046;CRYOTHERAPIE DEPISTAGE;EGRATUITE;;;V.1.2. CRYOTHERAPIE DEPISTAGE;XAIZKwukJRb;COÛT;dNttMsO2HVn;;;;;Formulaire de revue documentaire;uyjsNEHy5v6;;;coutDeclarer;;;;;;;ACHAT_STRATEGIQUE
2;GRATUITE_AS;MENSUELLE;AGGREGATE;GRTE047;RESECTION A L_ANSE DIATHERMIQUE RAD DEPISTAGE;EGRATUITE;;;V.1.3. RESECTION A L_ANSE DIATHERMIQUE RAD DEPISTAGE;eDb3M21Cwpm;COÛT;dNttMsO2HVn;;;;;Formulaire de revue documentaire;uyjsNEHy5v6;;;coutDeclarer;;;;;;;ACHAT_STRATEGIQUE
2;GRATUITE_AS;MENSUELLE;AGGREGATE;GRTE048;MONTANT TOTAL DES MEDICAMENTS DEPISTAGE;EGRATUITE;;;V.2.1 MONTANT TOTAL DES MEDICAMENTS DEPISTAGE;J3WGodYDMPm;COÛT;dNttMsO2HVn;;;;;Formulaire de revue documentaire;uyjsNEHy5v6;;;coutDeclarer;;;;;;;ACHAT_STRATEGIQUE
2;GRATUITE_AS;MENSUELLE;AGGREGATE;GRTE049;ACTES CONSULTATIONS_HOSPITALISATION DEPISTAGE;EGRATUITE;;;V.2.2. ACTES CONSULTATIONS_HOSPITALISATION DEPISTAGE;oXOXwucJXc9;COÛT;dNttMsO2HVn;;;;;Formulaire de revue documentaire;uyjsNEHy5v6;;;coutDeclarer;;;;;;;ACHAT_STRATEGIQUE
2;GRATUITE_AS;MENSUELLE;AGGREGATE;GRTE050;EXAMENS COMPLEMENTAIRES DEPISTAGE;EGRATUITE;;;V.2.3. EXAMENS COMPLEMENTAIRES DEPISTAGE;soBSH0ujCXj;COÛT;dNttMsO2HVn;;;;;Formulaire de revue documentaire;uyjsNEHy5v6;;;coutDeclarer;;;;;;;ACHAT_STRATEGIQUE
2;GRATUITE_AS;MENSUELLE;AGGREGATE;GRTE051;SOINS EN AMBULATOIRE PERSONNES AGEES;EGRATUITE;;;VI.1.1. SOINS EN AMBULATOIRE PERSONNES AGEES;cLmdOjTptS8;COÛT;dNttMsO2HVn;;;;;Formulaire de revue documentaire;uyjsNEHy5v6;;;coutDeclarer;;;;;;;ACHAT_STRATEGIQUE
2;GRATUITE_AS;MENSUELLE;AGGREGATE;GRTE052;SOINS EN OBSERVATION/HOSPITALISATION PERSONNES AGEES;EGRATUITE;;;VI.1.2. SOINS EN OBSERVATION/HOSPITALISATION PERSONNES AGEES;FcmGTDVuWd5;COÛT;dNttMsO2HVn;;;;;Formulaire de revue documentaire;uyjsNEHy5v6;;;coutDeclarer;;;;;;;ACHAT_STRATEGIQUE
2;GRATUITE_AS;MENSUELLE;AGGREGATE;GRTE053;CONSULTATIONS ANNUELLES DE SANTE PERSONNES AGEES;EGRATUITE;;;VI.1.3. CONSULTATIONS ANNUELLES DE SANTE PERSONNES AGEES;hzkJFpDkrwJ;COÛT;dNttMsO2HVn;;;;;Formulaire de revue documentaire;uyjsNEHy5v6;;;coutDeclarer;;;;;;;ACHAT_STRATEGIQUE
2;GRATUITE_AS;MENSUELLE;AGGREGATE;GRTE054;CARBURANT EVACUATION PERSONNES AGEES;EGRATUITE;;;VI.2.1. CARBURANT EVACUATION PERSONNES AGEES;KkgYmXNTsxd;COÛT;dNttMsO2HVn;;;;;Formulaire de revue documentaire;uyjsNEHy5v6;;;coutDeclarer;;;;;;;ACHAT_STRATEGIQUE
2;GRATUITE_AS;MENSUELLE;AGGREGATE;GRTE055;MONTANT TOTAL DES MEDICAMENTS ET CONSOMMABLES MEDICAUX PERSONNES AGEES;EGRATUITE;;;VI.2.2. MONTANT TOTAL DES MEDICAMENTS ET CONSOMMABLES MEDICAUX PERSONNES AGEES;QQiATXg5ave;COÛT;dNttMsO2HVn;;;;;Formulaire de revue documentaire;uyjsNEHy5v6;;;coutDeclarer;;;;;;;ACHAT_STRATEGIQUE
2;GRATUITE_AS;MENSUELLE;AGGREGATE;GRTE056;EXAMENS COMPLEMENTAIRES PERSONNES AGEES;EGRATUITE;;;VI.2.3. EXAMENS COMPLEMENTAIRES PERSONNES AGEES;jZgOZBgIeXt;COÛT;dNttMsO2HVn;;;;;Formulaire de revue documentaire;uyjsNEHy5v6;;;coutDeclarer;;;;;;;ACHAT_STRATEGIQUE
2;GRATUITE_AS;MENSUELLE;AGGREGATE;GRTE057;ACTES (CONSULTATIONS, CHIRURGIES) PERSONNES AGEES;EGRATUITE;;;VI.2.4. ACTES (CONSULTATIONS, CHIRURGIES) PERSONNES AGEES;LLrDhNiFkd7;COÛT;dNttMsO2HVn;;;;;Formulaire de revue documentaire;uyjsNEHy5v6;;;coutDeclarer;;;;;;;ACHAT_STRATEGIQUE
2;GRATUITE_AS;MENSUELLE;AGGREGATE;GRTE058;MISE EN OBSERVATION/HOSPITALISATION PERSONNES AGEES;EGRATUITE;;;VI.2.5. MISE EN OBSERVATION/HOSPITALISATION PERSONNES AGEES;tOqhktnb611;COÛT;dNttMsO2HVn;;;;;Formulaire de revue documentaire;uyjsNEHy5v6;;;coutDeclarer;;;;;;;ACHAT_STRATEGIQUE
2;GRATUITE_AS;MENSUELLE;AGGREGATE;GRTE059;DEPISTAGE EN MILIEU DE SOINS PVVIH;EGRATUITE;;;VII.1.1. DEPISTAGE EN MILIEU DE SOINS PVVIH;dlVmwnX299n;COÛT;dNttMsO2HVn;;;;;Formulaire de revue documentaire;uyjsNEHy5v6;;;coutDeclarer;;;;;;;ACHAT_STRATEGIQUE
2;GRATUITE_AS;MENSUELLE;AGGREGATE;GRTE060;SUIVI MEDICAL ET BIOLOGIQUE PVVIH;EGRATUITE;;;VII.1.2. SUIVI MEDICAL ET BIOLOGIQUE PVVIH;wQx9ueRSLFw;COÛT;dNttMsO2HVn;;;;;Formulaire de revue documentaire;uyjsNEHy5v6;;;coutDeclarer;;;;;;;ACHAT_STRATEGIQUE
2;GRATUITE_AS;MENSUELLE;AGGREGATE;GRTE061;ACTES (CONSULTATIONS, CHIRURGIES) PVVIH;EGRATUITE;;;VII.2.1. ACTES (CONSULTATIONS, CHIRURGIES) PVVIH;Ibcoo1pyRbL;COÛT;dNttMsO2HVn;;;;;Formulaire de revue documentaire;uyjsNEHy5v6;;;coutDeclarer;;;;;;;ACHAT_STRATEGIQUE
2;GRATUITE_AS;MENSUELLE;AGGREGATE;GRTE062;MONTANT TOTAL DES MEDICAMENTS ET CONSOMMABLES MEDICAUX PVVIH;EGRATUITE;;;VII.2.2. MONTANT TOTAL DES MEDICAMENTS ET CONSOMMABLES MEDICAUX PVVIH;NxwCnENBosO;COÛT;dNttMsO2HVn;;;;;Formulaire de revue documentaire;uyjsNEHy5v6;;;coutDeclarer;;;;;;;ACHAT_STRATEGIQUE
2;GRATUITE_AS;MENSUELLE;AGGREGATE;GRTE063;EXAMENS COMPLEMENTAIRES PVVIH;EGRATUITE;;;VII.2.3. EXAMENS COMPLEMENTAIRES PVVIH;rHYaPgdrwxZ;COÛT;dNttMsO2HVn;;;;;Formulaire de revue documentaire;uyjsNEHy5v6;;;coutDeclarer;;;;;;;ACHAT_STRATEGIQUE
2;GRATUITE_AS;MENSUELLE;AGGREGATE;GRTE064;MISE EN OBSERVATION/HOSPITALISATION PVVIH;EGRATUITE;;;VII.2.4. MISE EN OBSERVATION/HOSPITALISATION PVVIH;RNJoIpdtFzL;COÛT;dNttMsO2HVn;;;;;Formulaire de revue documentaire;uyjsNEHy5v6;;;coutDeclarer;;;;;;;ACHAT_STRATEGIQUE
2;GRATUITE_AS;MENSUELLE;AGGREGATE;GRTE065;SOINS CURATIFS CONTRE LA DIARRHEE COMMUNAUTAIRE;EGRATUITE;;;VIII.1. SOINS CURATIFS CONTRE LA DIARRHEE COMMUNAUTAIRE;huUJ6pGez7M;COÛT;dNttMsO2HVn;;;;;Formulaire de revue documentaire;uyjsNEHy5v6;;;coutDeclarer;;;;;;;ACHAT_STRATEGIQUE
2;GRATUITE_AS;MENSUELLE;AGGREGATE;GRTE066;SOINS CURATIFS CONTRE LA PNEUMONIE COMMUNAUTAIRE;EGRATUITE;;;VIII.2. SOINS CURATIFS CONTRE LA PNEUMONIE COMMUNAUTAIRE;FjxJPlOWFuW;COÛT;dNttMsO2HVn;;;;;Formulaire de revue documentaire;uyjsNEHy5v6;;;coutDeclarer;;;;;;;ACHAT_STRATEGIQUE
2;GRATUITE_AS;MENSUELLE;AGGREGATE;GRTE067;SOINS CURATIFS CONTRE LE PALUDISME SIMPLE COMMUNAUTAIRE;EGRATUITE;;;VIII.3. SOINS CURATIFS CONTRE LE PALUDISME SIMPLE COMMUNAUTAIRE;KEVUJcnS4QA;COÛT;dNttMsO2HVn;;;;;Formulaire de revue documentaire;uyjsNEHy5v6;;;coutDeclarer;;;;;;;ACHAT_STRATEGIQUE
2;GRATUITE_AS;MENSUELLE;AGGREGATE;GRTE068;SOINS PRE-TRANSFERT DU PALUDISME GRAVE COMMUNAUTAIRE;EGRATUITE;;;VIII.4. SOINS PRE-TRANSFERT DU PALUDISME GRAVE COMMUNAUTAIRE;yj6oTHm4Vu6;COÛT;dNttMsO2HVn;;;;;Formulaire de revue documentaire;uyjsNEHy5v6;;;coutDeclarer;;;;;;;ACHAT_STRATEGIQUE
2;GRATUITE_AS;MENSUELLE;AGGREGATE;GRTE069;TDR PALUDISME COMMUNAUTAIRE;EGRATUITE;;;VIII.5. TDR PALUDISME COMMUNAUTAIRE;VHm5XZMdcC9;COÛT;dNttMsO2HVn;;;;;Formulaire de revue documentaire;uyjsNEHy5v6;;;coutDeclarer;;;;;;;ACHAT_STRATEGIQUE
2;GRATUITE_AS;MENSUELLE;AGGREGATE;GRTE070;SAYANA PRESS COMMUNAUTAIRE;EGRATUITE;;;VIII.6. SAYANA PRESS COMMUNAUTAIRE;lJatyGrM2Zc;COÛT;dNttMsO2HVn;;;;;Formulaire de revue documentaire;uyjsNEHy5v6;;;coutDeclarer;;;;;;;ACHAT_STRATEGIQUE
2;GRATUITE_AS;MENSUELLE;AGGREGATE;GRTE071;PILULE COMMUNAUTAIRE;EGRATUITE;;;VIII.7. PILULE COMMUNAUTAIRE;hDGs849wCtj;COÛT;dNttMsO2HVn;;;;;Formulaire de revue documentaire;uyjsNEHy5v6;;;coutDeclarer;;;;;;;ACHAT_STRATEGIQUE
2;GRATUITE_AS;MENSUELLE;AGGREGATE;GRTE072;CONDOM MASCULIN COMMUNAUTAIRE;EGRATUITE;;;VIII.8. CONDOM MASCULIN COMMUNAUTAIRE;oRrAn3CNnea;COÛT;dNttMsO2HVn;;;;;Formulaire de revue documentaire;uyjsNEHy5v6;;;coutDeclarer;;;;;;;ACHAT_STRATEGIQUE
2;GRATUITE_AS;MENSUELLE;AGGREGATE;GRTE073;CONDOM FEMININ COMMUNAUTAIRE;EGRATUITE;;;VIII.9. CONDOM FEMININ COMMUNAUTAIRE;xLyQQh3rAMl;COÛT;dNttMsO2HVn;;;;;Formulaire de revue documentaire;uyjsNEHy5v6;;;coutDeclarer;;;;;;;ACHAT_STRATEGIQUE
3;GRATUITE_AS;ANNUELLE;TRACKER;GRTE001;ACCOUCHEMENTS NORMAUX ACCOUCHEMENTS;EGRATUITE;;;Quantites controlees d'accouchements normaux;LXNhzB6YCJi;;;BURKINA FASO GRATUITE;ie2XwUQG5ZQ;;;;;;;quantiteVerifier;Formulaire de revue documentaire;uyjsNEHy5v6;Revue documentaire;yE07BvQhhz3;Période contrôlée (1er jour du mois contrôlé);WVNBuFdconp;ACHAT_STRATEGIQUE
3;GRATUITE_AS;ANNUELLE;TRACKER;GRTE002;ACCOUCHEMENTS ASSISTES A L'AIDE D'INSTRUMENTS ET/OU DE PRODUITS ACCOUCHEMENT;EGRATUITE;;;Quantites controlees d'accouchements assistes a  l'aide d'instruments/produits;g0ShabVLiMh;;;BURKINA FASO GRATUITE;ie2XwUQG5ZQ;;;;;;;quantiteVerifier;Formulaire de revue documentaire;uyjsNEHy5v6;Revue documentaire;yE07BvQhhz3;Période contrôlée (1er jour du mois contrôlé);WVNBuFdconp;ACHAT_STRATEGIQUE
3;GRATUITE_AS;ANNUELLE;TRACKER;GRTE003;SOINS D_URGENCE AUX NOUVEAU-NES ACCOUCHEMENT;EGRATUITE;;;Quantites controlees desoins d'urgence aux nouveau-nes;xlEHBccaHVk;;;BURKINA FASO GRATUITE;ie2XwUQG5ZQ;;;;;;;quantiteVerifier;Formulaire de revue documentaire;uyjsNEHy5v6;Revue documentaire;yE07BvQhhz3;Période contrôlée (1er jour du mois contrôlé);WVNBuFdconp;ACHAT_STRATEGIQUE
3;GRATUITE_AS;ANNUELLE;TRACKER;GRTE004;SOINS OBSTETRICAUX D_URGENCE ACCOUCHEMENT;EGRATUITE;;;Quantites controlees de soins obstetricaux d'urgence;jxGn7UogiTV;;;BURKINA FASO GRATUITE;ie2XwUQG5ZQ;;;;;;;quantiteVerifier;Formulaire de revue documentaire;uyjsNEHy5v6;Revue documentaire;yE07BvQhhz3;Période contrôlée (1er jour du mois contrôlé);WVNBuFdconp;ACHAT_STRATEGIQUE
3;GRATUITE_AS;ANNUELLE;TRACKER;GRTE005;SOINS CURATIFS DU POST PARTUM ACCOUCHEMENT;EGRATUITE;;;Quantites controlees desoins curatifs du post partum;vp964rb9NBj;;;BURKINA FASO GRATUITE;ie2XwUQG5ZQ;;;;;;;quantiteVerifier;Formulaire de revue documentaire;uyjsNEHy5v6;Revue documentaire;yE07BvQhhz3;Période contrôlée (1er jour du mois contrôlé);WVNBuFdconp;ACHAT_STRATEGIQUE
3;GRATUITE_AS;ANNUELLE;TRACKER;GRTE006;CESARIENNES ACCOUCHEMENT;EGRATUITE;;;Quantites controlees de cesariennes;eUYjQJ6O9dR;;;BURKINA FASO GRATUITE;ie2XwUQG5ZQ;;;;;;;quantiteVerifier;Formulaire de revue documentaire;uyjsNEHy5v6;Revue documentaire;yE07BvQhhz3;Période contrôlée (1er jour du mois contrôlé);WVNBuFdconp;ACHAT_STRATEGIQUE
3;GRATUITE_AS;ANNUELLE;TRACKER;GRTE007;LAPAROTOMIE POUR RUPTURE UTERINE ACCOUCHEMENT;EGRATUITE;;;Quantites controlees delaparotomie pour rupture uterine;qVecXMcBoJN;;;BURKINA FASO GRATUITE;ie2XwUQG5ZQ;;;;;;;quantiteVerifier;Formulaire de revue documentaire;uyjsNEHy5v6;Revue documentaire;yE07BvQhhz3;Période contrôlée (1er jour du mois contrôlé);WVNBuFdconp;ACHAT_STRATEGIQUE
3;GRATUITE_AS;ANNUELLE;TRACKER;GRTE008;LAPAROTOMIE POUR GEU ACCOUCHEMENT;EGRATUITE;;;Quantites controlees delaparotomie pour geu;KKsnp4Ef3J3;;;BURKINA FASO GRATUITE;ie2XwUQG5ZQ;;;;;;;quantiteVerifier;Formulaire de revue documentaire;uyjsNEHy5v6;Revue documentaire;yE07BvQhhz3;Période contrôlée (1er jour du mois contrôlé);WVNBuFdconp;ACHAT_STRATEGIQUE
3;GRATUITE_AS;ANNUELLE;TRACKER;GRTE009;CURE DE FISTULES OBSTETRICALES ACCOUCHEMENT;EGRATUITE;;;Quantites controlees decure de fistules obstetricales;bljq8bR3WkM;;;BURKINA FASO GRATUITE;ie2XwUQG5ZQ;;;;;;;quantiteVerifier;Formulaire de revue documentaire;uyjsNEHy5v6;Revue documentaire;yE07BvQhhz3;Période contrôlée (1er jour du mois contrôlé);WVNBuFdconp;ACHAT_STRATEGIQUE
3;GRATUITE_AS;ANNUELLE;TRACKER;GRTE010;CARBURANT EVACUATION ACCOUCHEMENT;EGRATUITE;;;Quantites controlees de carburant evacuation pour les accouchements et les interventions obstetricales majeures;IGEQPyD2YGi;;;BURKINA FASO GRATUITE;ie2XwUQG5ZQ;;;;;;;quantiteVerifier;Formulaire de revue documentaire;uyjsNEHy5v6;Revue documentaire;yE07BvQhhz3;Période contrôlée (1er jour du mois contrôlé);WVNBuFdconp;ACHAT_STRATEGIQUE
3;GRATUITE_AS;ANNUELLE;TRACKER;GRTE012;ACTES CONSULTATION_ACCOUCHEMENT_INTERVENTION_OBSTETRICALES;EGRATUITE;;;Quantites controlees des actes (consultation, accouchement) pour les accouchements et les interventions obstetricales majeures;vAmuz3Av4Ca;;;BURKINA FASO GRATUITE;ie2XwUQG5ZQ;;;;;;;quantiteVerifier;Formulaire de revue documentaire;uyjsNEHy5v6;Revue documentaire;yE07BvQhhz3;Période contrôlée (1er jour du mois contrôlé);WVNBuFdconp;ACHAT_STRATEGIQUE
3;GRATUITE_AS;ANNUELLE;TRACKER;GRTE013;ACCOUCHEMENT HOSPITALISATION/MISE EN OBSERVATION ACCOUCHEMENT;EGRATUITE;;;Quantites controlees des mises en observation/hospitalisation pour les accouchements et les interventions obstetricales majeures;PU8HvpcIZv7;;;BURKINA FASO GRATUITE;ie2XwUQG5ZQ;;;;;;;quantiteVerifier;Formulaire de revue documentaire;uyjsNEHy5v6;Revue documentaire;yE07BvQhhz3;Période contrôlée (1er jour du mois contrôlé);WVNBuFdconp;ACHAT_STRATEGIQUE
3;GRATUITE_AS;ANNUELLE;TRACKER;GRTE014;EXAMENS COMPLEMENTAIRES ACCOUCHEMENT;EGRATUITE;;;Quantites controlees des examens complementaires pour les accouchements et des interventions obstetricales majeures;OEwkN9oysdH;;;BURKINA FASO GRATUITE;ie2XwUQG5ZQ;;;;;;;quantiteVerifier;Formulaire de revue documentaire;uyjsNEHy5v6;Revue documentaire;yE07BvQhhz3;Période contrôlée (1er jour du mois contrôlé);WVNBuFdconp;ACHAT_STRATEGIQUE
3;GRATUITE_AS;ANNUELLE;TRACKER;GRTE015;SOINS PREVENTIFS GROSSESSE;EGRATUITE;;;Quantites controlees de soins preventifs grossesse;AFRdXOsfEVH;;;BURKINA FASO GRATUITE;ie2XwUQG5ZQ;;;;;;;quantiteVerifier;Formulaire de revue documentaire;uyjsNEHy5v6;Revue documentaire;yE07BvQhhz3;Période contrôlée (1er jour du mois contrôlé);WVNBuFdconp;ACHAT_STRATEGIQUE
3;GRATUITE_AS;ANNUELLE;TRACKER;GRTE016;SOINS CURATIFS EN AMBULATOIRE GROSSESSE;EGRATUITE;;;Quantites controlees de soins curatifs en ambulatoire grossesse;CUeR7SHfm4N;;;BURKINA FASO GRATUITE;ie2XwUQG5ZQ;;;;;;;quantiteVerifier;Formulaire de revue documentaire;uyjsNEHy5v6;Revue documentaire;yE07BvQhhz3;Période contrôlée (1er jour du mois contrôlé);WVNBuFdconp;ACHAT_STRATEGIQUE
3;GRATUITE_AS;ANNUELLE;TRACKER;GRTE017;SOINS CURATIFS EN INTERNE HOSPITALISATION OU MISE EN OBSERVATION GROSSESSE;EGRATUITE;;;Quantites controlees de soins curatifs en interne grossesse;JbXIRfQ7Xze;;;BURKINA FASO GRATUITE;ie2XwUQG5ZQ;;;;;;;quantiteVerifier;Formulaire de revue documentaire;uyjsNEHy5v6;Revue documentaire;yE07BvQhhz3;Période contrôlée (1er jour du mois contrôlé);WVNBuFdconp;ACHAT_STRATEGIQUE
3;GRATUITE_AS;ANNUELLE;TRACKER;GRTE018;CARBURANT EVACUATION GROSSESSE;EGRATUITE;;;Quantites controlees de carburant d'evacuation pendant la grossesse;mfxtJwQOb7H;;;BURKINA FASO GRATUITE;ie2XwUQG5ZQ;;;;;;;quantiteVerifier;Formulaire de revue documentaire;uyjsNEHy5v6;Revue documentaire;yE07BvQhhz3;Période contrôlée (1er jour du mois contrôlé);WVNBuFdconp;ACHAT_STRATEGIQUE
3;GRATUITE_AS;ANNUELLE;TRACKER;GRTE020;ACTES CONSULTATION_ACCOUCHEMENT_INTERVENTION GROSSESSE;EGRATUITE;;;Quantites controlees des actes (consultations) pendant la grossesse;g4BCg40rz9t;;;BURKINA FASO GRATUITE;ie2XwUQG5ZQ;;;;;;;quantiteVerifier;Formulaire de revue documentaire;uyjsNEHy5v6;Revue documentaire;yE07BvQhhz3;Période contrôlée (1er jour du mois contrôlé);WVNBuFdconp;ACHAT_STRATEGIQUE
3;GRATUITE_AS;ANNUELLE;TRACKER;GRTE021;HOSPITALISATION/MISE EN OBSERVATION GROSSESSE;EGRATUITE;;;Quantites controlees des mise en observation/Hospitalisation pendant la grossesse;cx7BIAbB84v;;;BURKINA FASO GRATUITE;ie2XwUQG5ZQ;;;;;;;quantiteVerifier;Formulaire de revue documentaire;uyjsNEHy5v6;Revue documentaire;yE07BvQhhz3;Période contrôlée (1er jour du mois contrôlé);WVNBuFdconp;ACHAT_STRATEGIQUE
3;GRATUITE_AS;ANNUELLE;TRACKER;GRTE022;EXAMENS COMPLEMENTAIRES GROSSESSE;EGRATUITE;;;Quantites controlees des examens complementaires pendant la grossesse;NWN3mnDFN3A;;;BURKINA FASO GRATUITE;ie2XwUQG5ZQ;;;;;;;quantiteVerifier;Formulaire de revue documentaire;uyjsNEHy5v6;Revue documentaire;yE07BvQhhz3;Période contrôlée (1er jour du mois contrôlé);WVNBuFdconp;ACHAT_STRATEGIQUE
3;GRATUITE_AS;ANNUELLE;TRACKER;GRTE023;LIGATURE DES TROMPES PF;EGRATUITE;;;Quantites controlees deligature des trompes;kukyndJqlkn;;;BURKINA FASO GRATUITE;ie2XwUQG5ZQ;;;;;;;quantiteVerifier;Formulaire de revue documentaire;uyjsNEHy5v6;Revue documentaire;yE07BvQhhz3;Période contrôlée (1er jour du mois contrôlé);WVNBuFdconp;ACHAT_STRATEGIQUE
3;GRATUITE_AS;ANNUELLE;TRACKER;GRTE024;VASECTOMIE PF;EGRATUITE;;;Quantites controlees devasectomie;MGoxcezssSc;;;BURKINA FASO GRATUITE;ie2XwUQG5ZQ;;;;;;;quantiteVerifier;Formulaire de revue documentaire;uyjsNEHy5v6;Revue documentaire;yE07BvQhhz3;Période contrôlée (1er jour du mois contrôlé);WVNBuFdconp;ACHAT_STRATEGIQUE
3;GRATUITE_AS;ANNUELLE;TRACKER;GRTE025;DIU INSERTION OU RETRAIT PF;EGRATUITE;;;Quantites controlees dediu insertion ou retrait;aV6azYYjoIM;;;BURKINA FASO GRATUITE;ie2XwUQG5ZQ;;;;;;;quantiteVerifier;Formulaire de revue documentaire;uyjsNEHy5v6;Revue documentaire;yE07BvQhhz3;Période contrôlée (1er jour du mois contrôlé);WVNBuFdconp;ACHAT_STRATEGIQUE
3;GRATUITE_AS;ANNUELLE;TRACKER;GRTE026;IMPLANT 5 ANS INSERTION OU RETRAIT PF;EGRATUITE;;;Quantites controlees deimplant 5 ans insertion ou retrait;WRQC68kn4BQ;;;BURKINA FASO GRATUITE;ie2XwUQG5ZQ;;;;;;;quantiteVerifier;Formulaire de revue documentaire;uyjsNEHy5v6;Revue documentaire;yE07BvQhhz3;Période contrôlée (1er jour du mois contrôlé);WVNBuFdconp;ACHAT_STRATEGIQUE
3;GRATUITE_AS;ANNUELLE;TRACKER;GRTE027;IMPLANT 3 ANS INSERTION OU RETRAIT PF;EGRATUITE;;;Quantites controlees deimplant 3 ans insertion ou retrait;p5c1JnF9kdX;;;BURKINA FASO GRATUITE;ie2XwUQG5ZQ;;;;;;;quantiteVerifier;Formulaire de revue documentaire;uyjsNEHy5v6;Revue documentaire;yE07BvQhhz3;Période contrôlée (1er jour du mois contrôlé);WVNBuFdconp;ACHAT_STRATEGIQUE
3;GRATUITE_AS;ANNUELLE;TRACKER;GRTE028;DEPO-PROVERA PF;EGRATUITE;;;Quantites controlees dedepo-provera;FG20NcAdQif;;;BURKINA FASO GRATUITE;ie2XwUQG5ZQ;;;;;;;quantiteVerifier;Formulaire de revue documentaire;uyjsNEHy5v6;Revue documentaire;yE07BvQhhz3;Période contrôlée (1er jour du mois contrôlé);WVNBuFdconp;ACHAT_STRATEGIQUE
3;GRATUITE_AS;ANNUELLE;TRACKER;GRTE029;SAYANA PRESS PF;EGRATUITE;;;Quantites controlees desayana press;kHBZRVBYN0F;;;BURKINA FASO GRATUITE;ie2XwUQG5ZQ;;;;;;;quantiteVerifier;Formulaire de revue documentaire;uyjsNEHy5v6;Revue documentaire;yE07BvQhhz3;Période contrôlée (1er jour du mois contrôlé);WVNBuFdconp;ACHAT_STRATEGIQUE
3;GRATUITE_AS;ANNUELLE;TRACKER;GRTE030;PILULE PF;EGRATUITE;;;Quantites controlees depilule;hR3pDV6TITn;;;BURKINA FASO GRATUITE;ie2XwUQG5ZQ;;;;;;;quantiteVerifier;Formulaire de revue documentaire;uyjsNEHy5v6;Revue documentaire;yE07BvQhhz3;Période contrôlée (1er jour du mois contrôlé);WVNBuFdconp;ACHAT_STRATEGIQUE
3;GRATUITE_AS;ANNUELLE;TRACKER;GRTE031;CONDOM MASCULIN PF;EGRATUITE;;;Quantites controlees decondom masculin;huNCsjhYcdQ;;;BURKINA FASO GRATUITE;ie2XwUQG5ZQ;;;;;;;quantiteVerifier;Formulaire de revue documentaire;uyjsNEHy5v6;Revue documentaire;yE07BvQhhz3;Période contrôlée (1er jour du mois contrôlé);WVNBuFdconp;ACHAT_STRATEGIQUE
3;GRATUITE_AS;ANNUELLE;TRACKER;GRTE032;CONDOM FEMININ PF;EGRATUITE;;;Quantites controlees decondom feminin;FdUr3N6cqEw;;;BURKINA FASO GRATUITE;ie2XwUQG5ZQ;;;;;;;quantiteVerifier;Formulaire de revue documentaire;uyjsNEHy5v6;Revue documentaire;yE07BvQhhz3;Période contrôlée (1er jour du mois contrôlé);WVNBuFdconp;ACHAT_STRATEGIQUE
3;GRATUITE_AS;ANNUELLE;TRACKER;GRTE033;COLLIER PF;EGRATUITE;;;Quantites controlees decollier;ZGAkuatT0tj;;;BURKINA FASO GRATUITE;ie2XwUQG5ZQ;;;;;;;quantiteVerifier;Formulaire de revue documentaire;uyjsNEHy5v6;Revue documentaire;yE07BvQhhz3;Période contrôlée (1er jour du mois contrôlé);WVNBuFdconp;ACHAT_STRATEGIQUE
3;GRATUITE_AS;ANNUELLE;TRACKER;GRTE035;EXAMENS COMPLEMENTAIRES PF;EGRATUITE;;;Quantites controlees des examens complementaires pour la Planification Familiale;LFanXVs3khl;;;BURKINA FASO GRATUITE;ie2XwUQG5ZQ;;;;;;;quantiteVerifier;Formulaire de revue documentaire;uyjsNEHy5v6;Revue documentaire;yE07BvQhhz3;Période contrôlée (1er jour du mois contrôlé);WVNBuFdconp;ACHAT_STRATEGIQUE
3;GRATUITE_AS;ANNUELLE;TRACKER;GRTE036;ACTES PF;EGRATUITE;;;Quantites controlees des actes (consultation, pose/retrait implant, pose/retrait diu) pour la Planification Familiale;O5UdLHapR8v;;;BURKINA FASO GRATUITE;ie2XwUQG5ZQ;;;;;;;quantiteVerifier;Formulaire de revue documentaire;uyjsNEHy5v6;Revue documentaire;yE07BvQhhz3;Période contrôlée (1er jour du mois contrôlé);WVNBuFdconp;ACHAT_STRATEGIQUE
3;GRATUITE_AS;ANNUELLE;TRACKER;GRTE037;CARBURANT SI EVACUATION PF;EGRATUITE;;;Quantites controlees de carburant d'evacuation pour la Planification Familiale;iH1IfEysP9Z;;;BURKINA FASO GRATUITE;ie2XwUQG5ZQ;;;;;;;quantiteVerifier;Formulaire de revue documentaire;uyjsNEHy5v6;Revue documentaire;yE07BvQhhz3;Période contrôlée (1er jour du mois contrôlé);WVNBuFdconp;ACHAT_STRATEGIQUE
3;GRATUITE_AS;ANNUELLE;TRACKER;GRTE038;SOINS CURATIFS EN AMBULATOIRE ENFANTS;EGRATUITE;;;Quantites controlees de soins curatifs en ambulatoire chez les enfants de moins de 5 ans;Z0vrLjT5Wvm;;;BURKINA FASO GRATUITE;ie2XwUQG5ZQ;;;;;;;quantiteVerifier;Formulaire de revue documentaire;uyjsNEHy5v6;Revue documentaire;yE07BvQhhz3;Période contrôlée (1er jour du mois contrôlé);WVNBuFdconp;ACHAT_STRATEGIQUE
3;GRATUITE_AS;ANNUELLE;TRACKER;GRTE039;SOINS CURATIFS EN HOSPITALISATION/MISE EN OBSERVATION ENFANTS;EGRATUITE;;;Quantites controlees de soins curatifs en observation enfants;ty73kbpnGuf;;;BURKINA FASO GRATUITE;ie2XwUQG5ZQ;;;;;;;quantiteVerifier;Formulaire de revue documentaire;uyjsNEHy5v6;Revue documentaire;yE07BvQhhz3;Période contrôlée (1er jour du mois contrôlé);WVNBuFdconp;ACHAT_STRATEGIQUE
3;GRATUITE_AS;ANNUELLE;TRACKER;GRTE040;CARBURANT EVACUATION ENFANTS;EGRATUITE;;;Quantites controlees de carburant d'evacuation chez les enfants de moins de 5 ans;vTmtTz4qqa1;;;BURKINA FASO GRATUITE;ie2XwUQG5ZQ;;;;;;;quantiteVerifier;Formulaire de revue documentaire;uyjsNEHy5v6;Revue documentaire;yE07BvQhhz3;Période contrôlée (1er jour du mois contrôlé);WVNBuFdconp;ACHAT_STRATEGIQUE
3;GRATUITE_AS;ANNUELLE;TRACKER;GRTE042;ACTES CONSULTATION_ACCOUCHEMENT_INTERVENTION ENFANTS;EGRATUITE;;;Quantites controlees des actes (consultations, chirurgies) pour les enfants de moins de 5 ans;iipk8J0KJn1;;;BURKINA FASO GRATUITE;ie2XwUQG5ZQ;;;;;;;quantiteVerifier;Formulaire de revue documentaire;uyjsNEHy5v6;Revue documentaire;yE07BvQhhz3;Période contrôlée (1er jour du mois contrôlé);WVNBuFdconp;ACHAT_STRATEGIQUE
3;GRATUITE_AS;ANNUELLE;TRACKER;GRTE043;HOSPITALISATION/MISE EN OBSERVATION ENFANTS;EGRATUITE;;;Quantites controlees des mise en observation/Hospitalisation chez les enfants de moins de 5 ans;xF9sN4e0aPo;;;BURKINA FASO GRATUITE;ie2XwUQG5ZQ;;;;;;;quantiteVerifier;Formulaire de revue documentaire;uyjsNEHy5v6;Revue documentaire;yE07BvQhhz3;Période contrôlée (1er jour du mois contrôlé);WVNBuFdconp;ACHAT_STRATEGIQUE
3;GRATUITE_AS;ANNUELLE;TRACKER;GRTE044;EXAMENS COMPLEMENTAIRES ENFANTS;EGRATUITE;;;Quantites controlees des examens complementaires Enfants;cpXqOTXkhCd;;;BURKINA FASO GRATUITE;ie2XwUQG5ZQ;;;;;;;quantiteVerifier;Formulaire de revue documentaire;uyjsNEHy5v6;Revue documentaire;yE07BvQhhz3;Période contrôlée (1er jour du mois contrôlé);WVNBuFdconp;ACHAT_STRATEGIQUE
3;GRATUITE_AS;ANNUELLE;TRACKER;GRTE045;IVA/IVL DEPISTAGE;EGRATUITE;;;Quantites controlees de depistage lesions precancereuses du col par IVA/IVL et promotion de l'autopalpation du sein;iwOsKCTn43N;;;BURKINA FASO GRATUITE;ie2XwUQG5ZQ;;;;;;;quantiteVerifier;Formulaire de revue documentaire;uyjsNEHy5v6;Revue documentaire;yE07BvQhhz3;Période contrôlée (1er jour du mois contrôlé);WVNBuFdconp;ACHAT_STRATEGIQUE
3;GRATUITE_AS;ANNUELLE;TRACKER;GRTE046;CRYOTHERAPIE DEPISTAGE;EGRATUITE;;;Quantites controlees decryotherapie;IWQ5EPok5mH;;;BURKINA FASO GRATUITE;ie2XwUQG5ZQ;;;;;;;quantiteVerifier;Formulaire de revue documentaire;uyjsNEHy5v6;Revue documentaire;yE07BvQhhz3;Période contrôlée (1er jour du mois contrôlé);WVNBuFdconp;ACHAT_STRATEGIQUE
3;GRATUITE_AS;ANNUELLE;TRACKER;GRTE047;RESECTION A L_ANSE DIATHERMIQUE RAD DEPISTAGE;EGRATUITE;;;Quantites controlees deresection a  l'anse diathermique;nSwkI50XpUU;;;BURKINA FASO GRATUITE;ie2XwUQG5ZQ;;;;;;;quantiteVerifier;Formulaire de revue documentaire;uyjsNEHy5v6;Revue documentaire;yE07BvQhhz3;Période contrôlée (1er jour du mois contrôlé);WVNBuFdconp;ACHAT_STRATEGIQUE
3;GRATUITE_AS;ANNUELLE;TRACKER;GRTE049;ACTES CONSULTATIONS_HOSPITALISATION DEPISTAGE;EGRATUITE;;;Quantites controlees des actes (consultations, mise en observation) pour les depistages et les traitements des lesions precancereuses du col de l'uterus;IvKY5TlMTQD;;;BURKINA FASO GRATUITE;ie2XwUQG5ZQ;;;;;;;quantiteVerifier;Formulaire de revue documentaire;uyjsNEHy5v6;Revue documentaire;yE07BvQhhz3;Période contrôlée (1er jour du mois contrôlé);WVNBuFdconp;ACHAT_STRATEGIQUE
3;GRATUITE_AS;ANNUELLE;TRACKER;GRTE050;EXAMENS COMPLEMENTAIRES DEPISTAGE;EGRATUITE;;;Quantites controlees des examens complementaires Depistage;fnzEXvFB8S4;;;BURKINA FASO GRATUITE;ie2XwUQG5ZQ;;;;;;;quantiteVerifier;Formulaire de revue documentaire;uyjsNEHy5v6;Revue documentaire;yE07BvQhhz3;Période contrôlée (1er jour du mois contrôlé);WVNBuFdconp;ACHAT_STRATEGIQUE
3;GRATUITE_AS;ANNUELLE;TRACKER;GRTE051;SOINS EN AMBULATOIRE PERSONNES AGEES;EGRATUITE;;;Quantites controlees soins en ambulatoire personnes agees;WSevuDgtngx;;;BURKINA FASO GRATUITE;ie2XwUQG5ZQ;;;;;;;quantiteVerifier;Formulaire de revue documentaire;uyjsNEHy5v6;Revue documentaire;yE07BvQhhz3;Période contrôlée (1er jour du mois contrôlé);WVNBuFdconp;ACHAT_STRATEGIQUE
3;GRATUITE_AS;ANNUELLE;TRACKER;GRTE052;SOINS EN OBSERVATION/HOSPITALISATION PERSONNES AGEES;EGRATUITE;;;Quantites controlees soins en observation/Hospitalisation personnes Ã¢gÃ©es;D39lq5Zrh7S;;;BURKINA FASO GRATUITE;ie2XwUQG5ZQ;;;;;;;quantiteVerifier;Formulaire de revue documentaire;uyjsNEHy5v6;Revue documentaire;yE07BvQhhz3;Période contrôlée (1er jour du mois contrôlé);WVNBuFdconp;ACHAT_STRATEGIQUE
3;GRATUITE_AS;ANNUELLE;TRACKER;GRTE053;CONSULTATIONS ANNUELLES DE SANTE PERSONNES AGEES;EGRATUITE;;;Quantites controlees consultations annuelles de sante personnes agees;j0Tm14YCSLb;;;BURKINA FASO GRATUITE;ie2XwUQG5ZQ;;;;;;;quantiteVerifier;Formulaire de revue documentaire;uyjsNEHy5v6;Revue documentaire;yE07BvQhhz3;Période contrôlée (1er jour du mois contrôlé);WVNBuFdconp;ACHAT_STRATEGIQUE
3;GRATUITE_AS;ANNUELLE;TRACKER;GRTE054;CARBURANT EVACUATION PERSONNES AGEES;EGRATUITE;;;Quantites controlees carburant evacuation personnes agees;l04wdctjHqZ;;;BURKINA FASO GRATUITE;ie2XwUQG5ZQ;;;;;;;quantiteVerifier;Formulaire de revue documentaire;uyjsNEHy5v6;Revue documentaire;yE07BvQhhz3;Période contrôlée (1er jour du mois contrôlé);WVNBuFdconp;ACHAT_STRATEGIQUE
3;GRATUITE_AS;ANNUELLE;TRACKER;GRTE056;EXAMENS COMPLEMENTAIRES PERSONNES AGEES;EGRATUITE;;;Quantites controlees examens complementaires personnes agees;r5sjB8l2pU9;;;BURKINA FASO GRATUITE;ie2XwUQG5ZQ;;;;;;;quantiteVerifier;Formulaire de revue documentaire;uyjsNEHy5v6;Revue documentaire;yE07BvQhhz3;Période contrôlée (1er jour du mois contrôlé);WVNBuFdconp;ACHAT_STRATEGIQUE
3;GRATUITE_AS;ANNUELLE;TRACKER;GRTE057;ACTES (CONSULTATIONS, CHIRURGIES) PERSONNES AGEES;EGRATUITE;;;Quantites controlees actes (consultations, chirurgies) personnes agees;tnZyHrP060b;;;BURKINA FASO GRATUITE;ie2XwUQG5ZQ;;;;;;;quantiteVerifier;Formulaire de revue documentaire;uyjsNEHy5v6;Revue documentaire;yE07BvQhhz3;Période contrôlée (1er jour du mois contrôlé);WVNBuFdconp;ACHAT_STRATEGIQUE
3;GRATUITE_AS;ANNUELLE;TRACKER;GRTE058;MISE EN OBSERVATION/HOSPITALISATION PERSONNES AGEES;EGRATUITE;;;Quantités contrôlées Mise en observation/Hospitalisation personnes agees;GXEtVEczTrl;;;BURKINA FASO GRATUITE;ie2XwUQG5ZQ;;;;;;;quantiteVerifier;Formulaire de revue documentaire;uyjsNEHy5v6;Revue documentaire;yE07BvQhhz3;Période contrôlée (1er jour du mois contrôlé);WVNBuFdconp;ACHAT_STRATEGIQUE
3;GRATUITE_AS;ANNUELLE;TRACKER;GRTE059;DEPISTAGE EN MILIEU DE SOINS PVVIH;EGRATUITE;;;Quantites controlees depistage en milieu de soins PVVIH;XpGTRymh8AQ;;;BURKINA FASO GRATUITE;ie2XwUQG5ZQ;;;;;;;quantiteVerifier;Formulaire de revue documentaire;uyjsNEHy5v6;Revue documentaire;yE07BvQhhz3;Période contrôlée (1er jour du mois contrôlé);WVNBuFdconp;ACHAT_STRATEGIQUE
3;GRATUITE_AS;ANNUELLE;TRACKER;GRTE060;SUIVI MEDICAL ET BIOLOGIQUE PVVIH;EGRATUITE;;;Quantités contrôlées suivi médical et biologique PVVIH;lyjFRaLhO2n;;;BURKINA FASO GRATUITE;ie2XwUQG5ZQ;;;;;;;quantiteVerifier;Formulaire de revue documentaire;uyjsNEHy5v6;Revue documentaire;yE07BvQhhz3;Période contrôlée (1er jour du mois contrôlé);WVNBuFdconp;ACHAT_STRATEGIQUE
3;GRATUITE_AS;ANNUELLE;TRACKER;GRTE061;ACTES (CONSULTATIONS, CHIRURGIES) PVVIH;EGRATUITE;;;Quantites controlees actes (consultations, chirurgies) PVVIH;HmHrqVPZXnv;;;BURKINA FASO GRATUITE;ie2XwUQG5ZQ;;;;;;;quantiteVerifier;Formulaire de revue documentaire;uyjsNEHy5v6;Revue documentaire;yE07BvQhhz3;Période contrôlée (1er jour du mois contrôlé);WVNBuFdconp;ACHAT_STRATEGIQUE
3;GRATUITE_AS;ANNUELLE;TRACKER;GRTE062;MONTANT TOTAL DES MEDICAMENTS ET CONSOMMABLES MEDICAUX PVVIH;EGRATUITE;;;Quantites controlees montant total des medicaments et consommables mÃ©dicaux PVVIH;FShihStBcoW;;;BURKINA FASO GRATUITE;ie2XwUQG5ZQ;;;;;;;quantiteVerifier;Formulaire de revue documentaire;uyjsNEHy5v6;Revue documentaire;yE07BvQhhz3;Période contrôlée (1er jour du mois contrôlé);WVNBuFdconp;ACHAT_STRATEGIQUE
3;GRATUITE_AS;ANNUELLE;TRACKER;GRTE063;EXAMENS COMPLEMENTAIRES PVVIH;EGRATUITE;;;Quantites controlees examens complementaires PVVIH;kNO3pFEx7nu;;;BURKINA FASO GRATUITE;ie2XwUQG5ZQ;;;;;;;quantiteVerifier;Formulaire de revue documentaire;uyjsNEHy5v6;Revue documentaire;yE07BvQhhz3;Période contrôlée (1er jour du mois contrôlé);WVNBuFdconp;ACHAT_STRATEGIQUE
3;GRATUITE_AS;ANNUELLE;TRACKER;GRTE064;MISE EN OBSERVATION/HOSPITALISATION PVVIH;EGRATUITE;;;Quantites controlees mise en observation/Hospitalisation PVVIH;mgwqTWY56wp;;;BURKINA FASO GRATUITE;ie2XwUQG5ZQ;;;;;;;quantiteVerifier;Formulaire de revue documentaire;uyjsNEHy5v6;Revue documentaire;yE07BvQhhz3;Période contrôlée (1er jour du mois contrôlé);WVNBuFdconp;ACHAT_STRATEGIQUE
3;GRATUITE_AS;ANNUELLE;TRACKER;GRTE065;SOINS CURATIFS CONTRE LA DIARRHEE COMMUNAUTAIRE;EGRATUITE;;;Quantites controlees desoins curatifs contre la diarrhee _soins ASBC;s3mCVBl6O2z;;;BURKINA FASO GRATUITE;ie2XwUQG5ZQ;;;;;;;quantiteVerifier;Formulaire de revue documentaire;uyjsNEHy5v6;Revue documentaire;yE07BvQhhz3;Période contrôlée (1er jour du mois contrôlé);WVNBuFdconp;ACHAT_STRATEGIQUE
3;GRATUITE_AS;ANNUELLE;TRACKER;GRTE066;SOINS CURATIFS CONTRE LA PNEUMONIE COMMUNAUTAIRE;EGRATUITE;;;Quantites controlees desoins curatifs contre la pneumonie _soins ASBC;e1zM29gz08h;;;BURKINA FASO GRATUITE;ie2XwUQG5ZQ;;;;;;;quantiteVerifier;Formulaire de revue documentaire;uyjsNEHy5v6;Revue documentaire;yE07BvQhhz3;Période contrôlée (1er jour du mois contrôlé);WVNBuFdconp;ACHAT_STRATEGIQUE
3;GRATUITE_AS;ANNUELLE;TRACKER;GRTE067;SOINS CURATIFS CONTRE LE PALUDISME SIMPLE COMMUNAUTAIRE;EGRATUITE;;;Quantites controlees desoins curatifs contre le paludisme simple _soins ASBC;zGFPBBx7C0O;;;BURKINA FASO GRATUITE;ie2XwUQG5ZQ;;;;;;;quantiteVerifier;Formulaire de revue documentaire;uyjsNEHy5v6;Revue documentaire;yE07BvQhhz3;Période contrôlée (1er jour du mois contrôlé);WVNBuFdconp;ACHAT_STRATEGIQUE
3;GRATUITE_AS;ANNUELLE;TRACKER;GRTE068;SOINS PRE-TRANSFERT DU PALUDISME GRAVE COMMUNAUTAIRE;EGRATUITE;;;Quantites controlees desoins pre-transfert du paludisme grave _soins ASBC;j0ecQxjWS4u;;;BURKINA FASO GRATUITE;ie2XwUQG5ZQ;;;;;;;quantiteVerifier;Formulaire de revue documentaire;uyjsNEHy5v6;Revue documentaire;yE07BvQhhz3;Période contrôlée (1er jour du mois contrôlé);WVNBuFdconp;ACHAT_STRATEGIQUE
3;GRATUITE_AS;ANNUELLE;TRACKER;GRTE069;TDR PALUDISME COMMUNAUTAIRE;EGRATUITE;;;Quantites controlees detdr paludisme _soins ASBC;uapsWDBlgCb;;;BURKINA FASO GRATUITE;ie2XwUQG5ZQ;;;;;;;quantiteVerifier;Formulaire de revue documentaire;uyjsNEHy5v6;Revue documentaire;yE07BvQhhz3;Période contrôlée (1er jour du mois contrôlé);WVNBuFdconp;ACHAT_STRATEGIQUE
3;GRATUITE_AS;ANNUELLE;TRACKER;GRTE070;SAYANA PRESS COMMUNAUTAIRE;EGRATUITE;;;Quantites controlees desayana press _soins ASBC;NRML9y0iK5i;;;BURKINA FASO GRATUITE;ie2XwUQG5ZQ;;;;;;;quantiteVerifier;Formulaire de revue documentaire;uyjsNEHy5v6;Revue documentaire;yE07BvQhhz3;Période contrôlée (1er jour du mois contrôlé);WVNBuFdconp;ACHAT_STRATEGIQUE
3;GRATUITE_AS;ANNUELLE;TRACKER;GRTE071;PILULE COMMUNAUTAIRE;EGRATUITE;;;Quantites controlees depilule _soins ASBC;uMmGoubeZ5d;;;BURKINA FASO GRATUITE;ie2XwUQG5ZQ;;;;;;;quantiteVerifier;Formulaire de revue documentaire;uyjsNEHy5v6;Revue documentaire;yE07BvQhhz3;Période contrôlée (1er jour du mois contrôlé);WVNBuFdconp;ACHAT_STRATEGIQUE
3;GRATUITE_AS;ANNUELLE;TRACKER;GRTE072;CONDOM MASCULIN COMMUNAUTAIRE;EGRATUITE;;;Quantites controlees decondom masculin _soins ASBC;N3EJHQm3JRP;;;BURKINA FASO GRATUITE;ie2XwUQG5ZQ;;;;;;;quantiteVerifier;Formulaire de revue documentaire;uyjsNEHy5v6;Revue documentaire;yE07BvQhhz3;Période contrôlée (1er jour du mois contrôlé);WVNBuFdconp;ACHAT_STRATEGIQUE
3;GRATUITE_AS;ANNUELLE;TRACKER;GRTE073;CONDOM FEMININ COMMUNAUTAIRE;EGRATUITE;;;Quantites controlees decondom feminin _soins ASBC;BmY1zEOHjL3;;;BURKINA FASO GRATUITE;ie2XwUQG5ZQ;;;;;;;quantiteVerifier;Formulaire de revue documentaire;uyjsNEHy5v6;Revue documentaire;yE07BvQhhz3;Période contrôlée (1er jour du mois contrôlé);WVNBuFdconp;ACHAT_STRATEGIQUE
4;GRATUITE_AS;ANNUELLE;TRACKER;GRTE001;ACCOUCHEMENTS NORMAUX ACCOUCHEMENTS;EGRATUITE;;;Couts controles d'accouchements normaux;N5YhS0xDE8G;;;BURKINA FASO GRATUITE;ie2XwUQG5ZQ;;;;;;;coutVerifier;Formulaire de revue documentaire;uyjsNEHy5v6;Revue documentaire;yE07BvQhhz3;Période contrôlée (1er jour du mois contrôlé);WVNBuFdconp;ACHAT_STRATEGIQUE
4;GRATUITE_AS;ANNUELLE;TRACKER;GRTE002;ACCOUCHEMENTS ASSISTES A L'AIDE D'INSTRUMENTS ET/OU DE PRODUITS ACCOUCHEMENT;EGRATUITE;;;Couts controles d'accouchements assistes a  l'aide d'instruments/produits;OfBhMie35fY;;;BURKINA FASO GRATUITE;ie2XwUQG5ZQ;;;;;;;coutVerifier;Formulaire de revue documentaire;uyjsNEHy5v6;Revue documentaire;yE07BvQhhz3;Période contrôlée (1er jour du mois contrôlé);WVNBuFdconp;ACHAT_STRATEGIQUE
4;GRATUITE_AS;ANNUELLE;TRACKER;GRTE003;SOINS D_URGENCE AUX NOUVEAU-NES ACCOUCHEMENT;EGRATUITE;;;Couts controles desoins d'urgence aux nouveau-nes;orXO46udXPP;;;BURKINA FASO GRATUITE;ie2XwUQG5ZQ;;;;;;;coutVerifier;Formulaire de revue documentaire;uyjsNEHy5v6;Revue documentaire;yE07BvQhhz3;Période contrôlée (1er jour du mois contrôlé);WVNBuFdconp;ACHAT_STRATEGIQUE
4;GRATUITE_AS;ANNUELLE;TRACKER;GRTE004;SOINS OBSTETRICAUX D_URGENCE ACCOUCHEMENT;EGRATUITE;;;Couts controles desoins obstetricaux d'urgence;IiqUcDiaPZv;;;BURKINA FASO GRATUITE;ie2XwUQG5ZQ;;;;;;;coutVerifier;Formulaire de revue documentaire;uyjsNEHy5v6;Revue documentaire;yE07BvQhhz3;Période contrôlée (1er jour du mois contrôlé);WVNBuFdconp;ACHAT_STRATEGIQUE
4;GRATUITE_AS;ANNUELLE;TRACKER;GRTE005;SOINS CURATIFS DU POST PARTUM ACCOUCHEMENT;EGRATUITE;;;Couts controles desoins curatifs du post partum;DgzIHJJcyv7;;;BURKINA FASO GRATUITE;ie2XwUQG5ZQ;;;;;;;coutVerifier;Formulaire de revue documentaire;uyjsNEHy5v6;Revue documentaire;yE07BvQhhz3;Période contrôlée (1er jour du mois contrôlé);WVNBuFdconp;ACHAT_STRATEGIQUE
4;GRATUITE_AS;ANNUELLE;TRACKER;GRTE006;CESARIENNES ACCOUCHEMENT;EGRATUITE;;;Couts controles decesariennes;FkMr7CTzgDW;;;BURKINA FASO GRATUITE;ie2XwUQG5ZQ;;;;;;;coutVerifier;Formulaire de revue documentaire;uyjsNEHy5v6;Revue documentaire;yE07BvQhhz3;Période contrôlée (1er jour du mois contrôlé);WVNBuFdconp;ACHAT_STRATEGIQUE
4;GRATUITE_AS;ANNUELLE;TRACKER;GRTE007;LAPAROTOMIE POUR RUPTURE UTERINE ACCOUCHEMENT;EGRATUITE;;;Couts controles delaparotomie pour rupture uterine;tloWzHwwqrW;;;BURKINA FASO GRATUITE;ie2XwUQG5ZQ;;;;;;;coutVerifier;Formulaire de revue documentaire;uyjsNEHy5v6;Revue documentaire;yE07BvQhhz3;Période contrôlée (1er jour du mois contrôlé);WVNBuFdconp;ACHAT_STRATEGIQUE
4;GRATUITE_AS;ANNUELLE;TRACKER;GRTE008;LAPAROTOMIE POUR GEU ACCOUCHEMENT;EGRATUITE;;;Couts controles delaparotomie pour geu;jjIorFaRHmn;;;BURKINA FASO GRATUITE;ie2XwUQG5ZQ;;;;;;;coutVerifier;Formulaire de revue documentaire;uyjsNEHy5v6;Revue documentaire;yE07BvQhhz3;Période contrôlée (1er jour du mois contrôlé);WVNBuFdconp;ACHAT_STRATEGIQUE
4;GRATUITE_AS;ANNUELLE;TRACKER;GRTE009;CURE DE FISTULES OBSTETRICALES ACCOUCHEMENT;EGRATUITE;;;Couts controles decure de fistules obstetricales;AGAUiDqjWJ2;;;BURKINA FASO GRATUITE;ie2XwUQG5ZQ;;;;;;;coutVerifier;Formulaire de revue documentaire;uyjsNEHy5v6;Revue documentaire;yE07BvQhhz3;Période contrôlée (1er jour du mois contrôlé);WVNBuFdconp;ACHAT_STRATEGIQUE
4;GRATUITE_AS;ANNUELLE;TRACKER;GRTE010;CARBURANT EVACUATION ACCOUCHEMENT;EGRATUITE;;;Couts controles de carburant evacuation pour les accouchements et les interventions obstetricales majeures;hGGXGfM4p3E;;;BURKINA FASO GRATUITE;ie2XwUQG5ZQ;;;;;;;coutVerifier;Formulaire de revue documentaire;uyjsNEHy5v6;Revue documentaire;yE07BvQhhz3;Période contrôlée (1er jour du mois contrôlé);WVNBuFdconp;ACHAT_STRATEGIQUE
4;GRATUITE_AS;ANNUELLE;TRACKER;GRTE011;MONTANT TOTAL DES MEDICAMENTS ACCOUCHEMENT;EGRATUITE;;;Couts controles de montant total des medicaments et consommables medicaux pour les accouchements et les interventions obstetricales majeures;C8CBHutGeet;;;BURKINA FASO GRATUITE;ie2XwUQG5ZQ;;;;;;;coutVerifier;Formulaire de revue documentaire;uyjsNEHy5v6;Revue documentaire;yE07BvQhhz3;Période contrôlée (1er jour du mois contrôlé);WVNBuFdconp;ACHAT_STRATEGIQUE
4;GRATUITE_AS;ANNUELLE;TRACKER;GRTE012;ACTES CONSULTATION_ACCOUCHEMENT_INTERVENTION_OBSTETRICALES;EGRATUITE;;;Couts controles des actes (consultation, accouchement) pour les accouchements et les interventions obstetricales majeures;MglSeMZP7Vy;;;BURKINA FASO GRATUITE;ie2XwUQG5ZQ;;;;;;;coutVerifier;Formulaire de revue documentaire;uyjsNEHy5v6;Revue documentaire;yE07BvQhhz3;Période contrôlée (1er jour du mois contrôlé);WVNBuFdconp;ACHAT_STRATEGIQUE
4;GRATUITE_AS;ANNUELLE;TRACKER;GRTE013;ACCOUCHEMENT HOSPITALISATION/MISE EN OBSERVATION ACCOUCHEMENT;EGRATUITE;;;Couts controles des mise en observation/hospitalisation pour les accouchements et les interventions obstetricales majeures;fKZWKr1Ggnn;;;BURKINA FASO GRATUITE;ie2XwUQG5ZQ;;;;;;;coutVerifier;Formulaire de revue documentaire;uyjsNEHy5v6;Revue documentaire;yE07BvQhhz3;Période contrôlée (1er jour du mois contrôlé);WVNBuFdconp;ACHAT_STRATEGIQUE
4;GRATUITE_AS;ANNUELLE;TRACKER;GRTE014;EXAMENS COMPLEMENTAIRES ACCOUCHEMENT;EGRATUITE;;;Couts controles des examens complementaires pour les accouchements et des interventions obstetricales majeures;zeTK1UBEGTT;;;BURKINA FASO GRATUITE;ie2XwUQG5ZQ;;;;;;;coutVerifier;Formulaire de revue documentaire;uyjsNEHy5v6;Revue documentaire;yE07BvQhhz3;Période contrôlée (1er jour du mois contrôlé);WVNBuFdconp;ACHAT_STRATEGIQUE
4;GRATUITE_AS;ANNUELLE;TRACKER;GRTE015;SOINS PREVENTIFS GROSSESSE;EGRATUITE;;;Couts controles de soins preventifs Grossesse;jSsBF69SYXj;;;BURKINA FASO GRATUITE;ie2XwUQG5ZQ;;;;;;;coutVerifier;Formulaire de revue documentaire;uyjsNEHy5v6;Revue documentaire;yE07BvQhhz3;Période contrôlée (1er jour du mois contrôlé);WVNBuFdconp;ACHAT_STRATEGIQUE
4;GRATUITE_AS;ANNUELLE;TRACKER;GRTE016;SOINS CURATIFS EN AMBULATOIRE GROSSESSE;EGRATUITE;;;Couts controles de soins curatifs en ambulatoire grossesse;XmT22UeOsAG;;;BURKINA FASO GRATUITE;ie2XwUQG5ZQ;;;;;;;coutVerifier;Formulaire de revue documentaire;uyjsNEHy5v6;Revue documentaire;yE07BvQhhz3;Période contrôlée (1er jour du mois contrôlé);WVNBuFdconp;ACHAT_STRATEGIQUE
4;GRATUITE_AS;ANNUELLE;TRACKER;GRTE017;SOINS CURATIFS EN INTERNE HOSPITALISATION OU MISE EN OBSERVATION GROSSESSE;EGRATUITE;;;Couts controles de soins curatifs en interne grossesse;RdQD8Mqa1Bh;;;BURKINA FASO GRATUITE;ie2XwUQG5ZQ;;;;;;;coutVerifier;Formulaire de revue documentaire;uyjsNEHy5v6;Revue documentaire;yE07BvQhhz3;Période contrôlée (1er jour du mois contrôlé);WVNBuFdconp;ACHAT_STRATEGIQUE
4;GRATUITE_AS;ANNUELLE;TRACKER;GRTE018;CARBURANT EVACUATION GROSSESSE;EGRATUITE;;;Couts controles de carburant d'evacuation pendant la grossesse;wkvwZrs5ld7;;;BURKINA FASO GRATUITE;ie2XwUQG5ZQ;;;;;;;coutVerifier;Formulaire de revue documentaire;uyjsNEHy5v6;Revue documentaire;yE07BvQhhz3;Période contrôlée (1er jour du mois contrôlé);WVNBuFdconp;ACHAT_STRATEGIQUE
4;GRATUITE_AS;ANNUELLE;TRACKER;GRTE019;MONTANT TOTAL DES MEDICAMENTS GROSSESSE;EGRATUITE;;;Couts controles du montant total des medicaments et consommables medicaux pendant la grossesse;RDEgNXN6Tkm;;;BURKINA FASO GRATUITE;ie2XwUQG5ZQ;;;;;;;coutVerifier;Formulaire de revue documentaire;uyjsNEHy5v6;Revue documentaire;yE07BvQhhz3;Période contrôlée (1er jour du mois contrôlé);WVNBuFdconp;ACHAT_STRATEGIQUE
4;GRATUITE_AS;ANNUELLE;TRACKER;GRTE020;ACTES CONSULTATION_ACCOUCHEMENT_INTERVENTION GROSSESSE;EGRATUITE;;;Couts controles des actes (consultations) pendant la grossesse;HKnqMMvkwLX;;;BURKINA FASO GRATUITE;ie2XwUQG5ZQ;;;;;;;coutVerifier;Formulaire de revue documentaire;uyjsNEHy5v6;Revue documentaire;yE07BvQhhz3;Période contrôlée (1er jour du mois contrôlé);WVNBuFdconp;ACHAT_STRATEGIQUE
4;GRATUITE_AS;ANNUELLE;TRACKER;GRTE021;HOSPITALISATION/MISE EN OBSERVATION GROSSESSE;EGRATUITE;;;Couts controles des mise en observation/Hospitalisation pendant la grossesse;WWW0dR7TAZm;;;BURKINA FASO GRATUITE;ie2XwUQG5ZQ;;;;;;;coutVerifier;Formulaire de revue documentaire;uyjsNEHy5v6;Revue documentaire;yE07BvQhhz3;Période contrôlée (1er jour du mois contrôlé);WVNBuFdconp;ACHAT_STRATEGIQUE
4;GRATUITE_AS;ANNUELLE;TRACKER;GRTE022;EXAMENS COMPLEMENTAIRES GROSSESSE;EGRATUITE;;;Couts controles des examens complementaires pendant la grossesse;HWsVYprp0Ae;;;BURKINA FASO GRATUITE;ie2XwUQG5ZQ;;;;;;;coutVerifier;Formulaire de revue documentaire;uyjsNEHy5v6;Revue documentaire;yE07BvQhhz3;Période contrôlée (1er jour du mois contrôlé);WVNBuFdconp;ACHAT_STRATEGIQUE
4;GRATUITE_AS;ANNUELLE;TRACKER;GRTE023;LIGATURE DES TROMPES PF;EGRATUITE;;;Couts controles deligature des trompes;darTn7K3gjj;;;BURKINA FASO GRATUITE;ie2XwUQG5ZQ;;;;;;;coutVerifier;Formulaire de revue documentaire;uyjsNEHy5v6;Revue documentaire;yE07BvQhhz3;Période contrôlée (1er jour du mois contrôlé);WVNBuFdconp;ACHAT_STRATEGIQUE
4;GRATUITE_AS;ANNUELLE;TRACKER;GRTE024;VASECTOMIE PF;EGRATUITE;;;Couts controles devasectomie;c6MF1BrPObU;;;BURKINA FASO GRATUITE;ie2XwUQG5ZQ;;;;;;;coutVerifier;Formulaire de revue documentaire;uyjsNEHy5v6;Revue documentaire;yE07BvQhhz3;Période contrôlée (1er jour du mois contrôlé);WVNBuFdconp;ACHAT_STRATEGIQUE
4;GRATUITE_AS;ANNUELLE;TRACKER;GRTE025;DIU INSERTION OU RETRAIT PF;EGRATUITE;;;Couts controles dediu insertion ou retrait;JDfxjXZYMtd;;;BURKINA FASO GRATUITE;ie2XwUQG5ZQ;;;;;;;coutVerifier;Formulaire de revue documentaire;uyjsNEHy5v6;Revue documentaire;yE07BvQhhz3;Période contrôlée (1er jour du mois contrôlé);WVNBuFdconp;ACHAT_STRATEGIQUE
4;GRATUITE_AS;ANNUELLE;TRACKER;GRTE026;IMPLANT 5 ANS INSERTION OU RETRAIT PF;EGRATUITE;;;Couts controles deimplant 5 ans insertion ou retrait;GLbqr1aOIUB;;;BURKINA FASO GRATUITE;ie2XwUQG5ZQ;;;;;;;coutVerifier;Formulaire de revue documentaire;uyjsNEHy5v6;Revue documentaire;yE07BvQhhz3;Période contrôlée (1er jour du mois contrôlé);WVNBuFdconp;ACHAT_STRATEGIQUE
4;GRATUITE_AS;ANNUELLE;TRACKER;GRTE027;IMPLANT 3 ANS INSERTION OU RETRAIT PF;EGRATUITE;;;Couts controles deimplant 3 ans insertion ou retrait;eQqvoQpBcjs;;;BURKINA FASO GRATUITE;ie2XwUQG5ZQ;;;;;;;coutVerifier;Formulaire de revue documentaire;uyjsNEHy5v6;Revue documentaire;yE07BvQhhz3;Période contrôlée (1er jour du mois contrôlé);WVNBuFdconp;ACHAT_STRATEGIQUE
4;GRATUITE_AS;ANNUELLE;TRACKER;GRTE028;DEPO-PROVERA PF;EGRATUITE;;;Couts controles dedepo-provera;buH5rDvT2dW;;;BURKINA FASO GRATUITE;ie2XwUQG5ZQ;;;;;;;coutVerifier;Formulaire de revue documentaire;uyjsNEHy5v6;Revue documentaire;yE07BvQhhz3;Période contrôlée (1er jour du mois contrôlé);WVNBuFdconp;ACHAT_STRATEGIQUE
4;GRATUITE_AS;ANNUELLE;TRACKER;GRTE029;SAYANA PRESS PF;EGRATUITE;;;Couts controles desayana press;JZdScugX9Or;;;BURKINA FASO GRATUITE;ie2XwUQG5ZQ;;;;;;;coutVerifier;Formulaire de revue documentaire;uyjsNEHy5v6;Revue documentaire;yE07BvQhhz3;Période contrôlée (1er jour du mois contrôlé);WVNBuFdconp;ACHAT_STRATEGIQUE
4;GRATUITE_AS;ANNUELLE;TRACKER;GRTE030;PILULE PF;EGRATUITE;;;Couts controles de pilule;RIlivyV3QhM;;;BURKINA FASO GRATUITE;ie2XwUQG5ZQ;;;;;;;coutVerifier;Formulaire de revue documentaire;uyjsNEHy5v6;Revue documentaire;yE07BvQhhz3;Période contrôlée (1er jour du mois contrôlé);WVNBuFdconp;ACHAT_STRATEGIQUE
4;GRATUITE_AS;ANNUELLE;TRACKER;GRTE031;CONDOM MASCULIN PF;EGRATUITE;;;Couts controles decondom masculin;d5WcVruvfrf;;;BURKINA FASO GRATUITE;ie2XwUQG5ZQ;;;;;;;coutVerifier;Formulaire de revue documentaire;uyjsNEHy5v6;Revue documentaire;yE07BvQhhz3;Période contrôlée (1er jour du mois contrôlé);WVNBuFdconp;ACHAT_STRATEGIQUE
4;GRATUITE_AS;ANNUELLE;TRACKER;GRTE032;CONDOM FEMININ PF;EGRATUITE;;;Couts controles decondom feminin;wIzFWdSu3Ec;;;BURKINA FASO GRATUITE;ie2XwUQG5ZQ;;;;;;;coutVerifier;Formulaire de revue documentaire;uyjsNEHy5v6;Revue documentaire;yE07BvQhhz3;Période contrôlée (1er jour du mois contrôlé);WVNBuFdconp;ACHAT_STRATEGIQUE
4;GRATUITE_AS;ANNUELLE;TRACKER;GRTE033;COLLIER PF;EGRATUITE;;;Couts controles decollier;fsLnCiYTSfq;;;BURKINA FASO GRATUITE;ie2XwUQG5ZQ;;;;;;;coutVerifier;Formulaire de revue documentaire;uyjsNEHy5v6;Revue documentaire;yE07BvQhhz3;Période contrôlée (1er jour du mois contrôlé);WVNBuFdconp;ACHAT_STRATEGIQUE
4;GRATUITE_AS;ANNUELLE;TRACKER;GRTE034;MONTANT TOTAL DES MEDICAMENTS ET CONSOMMABLES MEDICAUX PF;EGRATUITE;;;Couts controles du montant total des medicaments et consommables medicaux de la planification familiale;zE1J6HWnrpJ;;;BURKINA FASO GRATUITE;ie2XwUQG5ZQ;;;;;;;coutVerifier;Formulaire de revue documentaire;uyjsNEHy5v6;Revue documentaire;yE07BvQhhz3;Période contrôlée (1er jour du mois contrôlé);WVNBuFdconp;ACHAT_STRATEGIQUE
4;GRATUITE_AS;ANNUELLE;TRACKER;GRTE035;EXAMENS COMPLEMENTAIRES PF;EGRATUITE;;;Couts controles des examens complementaires pour la Planification Familiale;CBZcUhajvM7;;;BURKINA FASO GRATUITE;ie2XwUQG5ZQ;;;;;;;coutVerifier;Formulaire de revue documentaire;uyjsNEHy5v6;Revue documentaire;yE07BvQhhz3;Période contrôlée (1er jour du mois contrôlé);WVNBuFdconp;ACHAT_STRATEGIQUE
4;GRATUITE_AS;ANNUELLE;TRACKER;GRTE036;ACTES PF;EGRATUITE;;;Couts controles des actes (consultation, pose/retrait implant, pose/retrait diu) pour la Planification Familiale;QUkeXiIk026;;;BURKINA FASO GRATUITE;ie2XwUQG5ZQ;;;;;;;coutVerifier;Formulaire de revue documentaire;uyjsNEHy5v6;Revue documentaire;yE07BvQhhz3;Période contrôlée (1er jour du mois contrôlé);WVNBuFdconp;ACHAT_STRATEGIQUE
4;GRATUITE_AS;ANNUELLE;TRACKER;GRTE037;CARBURANT SI EVACUATION PF;EGRATUITE;;;Couts controles de carburant d'evacuation pour la Planification Familiale;r30Yf4feG5c;;;BURKINA FASO GRATUITE;ie2XwUQG5ZQ;;;;;;;coutVerifier;Formulaire de revue documentaire;uyjsNEHy5v6;Revue documentaire;yE07BvQhhz3;Période contrôlée (1er jour du mois contrôlé);WVNBuFdconp;ACHAT_STRATEGIQUE
4;GRATUITE_AS;ANNUELLE;TRACKER;GRTE038;SOINS CURATIFS EN AMBULATOIRE ENFANTS;EGRATUITE;;;Couts controles de soins curatifs en ambulatoire chez les enfants de moins de 5 ans;BgAiB9twUyh;;;BURKINA FASO GRATUITE;ie2XwUQG5ZQ;;;;;;;coutVerifier;Formulaire de revue documentaire;uyjsNEHy5v6;Revue documentaire;yE07BvQhhz3;Période contrôlée (1er jour du mois contrôlé);WVNBuFdconp;ACHAT_STRATEGIQUE
4;GRATUITE_AS;ANNUELLE;TRACKER;GRTE039;SOINS CURATIFS EN HOSPITALISATION/MISE EN OBSERVATION ENFANTS;EGRATUITE;;;Couts controles de soins curatifs en observation chez les enfants de moins de 5 ans;ru5pNhC2ScO;;;BURKINA FASO GRATUITE;ie2XwUQG5ZQ;;;;;;;coutVerifier;Formulaire de revue documentaire;uyjsNEHy5v6;Revue documentaire;yE07BvQhhz3;Période contrôlée (1er jour du mois contrôlé);WVNBuFdconp;ACHAT_STRATEGIQUE
4;GRATUITE_AS;ANNUELLE;TRACKER;GRTE040;CARBURANT EVACUATION ENFANTS;EGRATUITE;;;Couts controles de carburant d'evacuation chez les enfants de moins de 5 ans;XoB5SlRXJq6;;;BURKINA FASO GRATUITE;ie2XwUQG5ZQ;;;;;;;coutVerifier;Formulaire de revue documentaire;uyjsNEHy5v6;Revue documentaire;yE07BvQhhz3;Période contrôlée (1er jour du mois contrôlé);WVNBuFdconp;ACHAT_STRATEGIQUE
4;GRATUITE_AS;ANNUELLE;TRACKER;GRTE041;MONTANT TOTAL DES MEDICAMENTS ENFANTS;EGRATUITE;;;Couts controles du montant total des medicaments et consommables medicaux chez les enfants de moins de 5 ans;X0Pwh928zNe;;;BURKINA FASO GRATUITE;ie2XwUQG5ZQ;;;;;;;coutVerifier;Formulaire de revue documentaire;uyjsNEHy5v6;Revue documentaire;yE07BvQhhz3;Période contrôlée (1er jour du mois contrôlé);WVNBuFdconp;ACHAT_STRATEGIQUE
4;GRATUITE_AS;ANNUELLE;TRACKER;GRTE042;ACTES CONSULTATION_ACCOUCHEMENT_INTERVENTION ENFANTS;EGRATUITE;;;Couts controles des actes (consultations, chirurgies) pour les enfants de moins de 5 ans;FMSDGTHl7w4;;;BURKINA FASO GRATUITE;ie2XwUQG5ZQ;;;;;;;coutVerifier;Formulaire de revue documentaire;uyjsNEHy5v6;Revue documentaire;yE07BvQhhz3;Période contrôlée (1er jour du mois contrôlé);WVNBuFdconp;ACHAT_STRATEGIQUE
4;GRATUITE_AS;ANNUELLE;TRACKER;GRTE043;HOSPITALISATION/MISE EN OBSERVATION ENFANTS;EGRATUITE;;;Couts controles des mise en observation/Hospitalisation chez les enfants de moins de 5 ans;Yy5596VaM4m;;;BURKINA FASO GRATUITE;ie2XwUQG5ZQ;;;;;;;coutVerifier;Formulaire de revue documentaire;uyjsNEHy5v6;Revue documentaire;yE07BvQhhz3;Période contrôlée (1er jour du mois contrôlé);WVNBuFdconp;ACHAT_STRATEGIQUE
4;GRATUITE_AS;ANNUELLE;TRACKER;GRTE044;EXAMENS COMPLEMENTAIRES ENFANTS;EGRATUITE;;;Couts controles des examens complementaires Enfants;SNvx47JFAGU;;;BURKINA FASO GRATUITE;ie2XwUQG5ZQ;;;;;;;coutVerifier;Formulaire de revue documentaire;uyjsNEHy5v6;Revue documentaire;yE07BvQhhz3;Période contrôlée (1er jour du mois contrôlé);WVNBuFdconp;ACHAT_STRATEGIQUE
4;GRATUITE_AS;ANNUELLE;TRACKER;GRTE045;IVA/IVL DEPISTAGE;EGRATUITE;;;Couts controles de depistage lesions precancereuses du col par IVA/IVL et promotion de l'autopalpation du sein;YXrS1dnN0kF;;;BURKINA FASO GRATUITE;ie2XwUQG5ZQ;;;;;;;coutVerifier;Formulaire de revue documentaire;uyjsNEHy5v6;Revue documentaire;yE07BvQhhz3;Période contrôlée (1er jour du mois contrôlé);WVNBuFdconp;ACHAT_STRATEGIQUE
4;GRATUITE_AS;ANNUELLE;TRACKER;GRTE046;CRYOTHERAPIE DEPISTAGE;EGRATUITE;;;Couts controles decryotherapie;DbKoeQt9sRp;;;BURKINA FASO GRATUITE;ie2XwUQG5ZQ;;;;;;;coutVerifier;Formulaire de revue documentaire;uyjsNEHy5v6;Revue documentaire;yE07BvQhhz3;Période contrôlée (1er jour du mois contrôlé);WVNBuFdconp;ACHAT_STRATEGIQUE
4;GRATUITE_AS;ANNUELLE;TRACKER;GRTE047;RESECTION A L_ANSE DIATHERMIQUE RAD DEPISTAGE;EGRATUITE;;;Couts controles deresection a  l'anse diathermique;x1d1mdnXjH5;;;BURKINA FASO GRATUITE;ie2XwUQG5ZQ;;;;;;;coutVerifier;Formulaire de revue documentaire;uyjsNEHy5v6;Revue documentaire;yE07BvQhhz3;Période contrôlée (1er jour du mois contrôlé);WVNBuFdconp;ACHAT_STRATEGIQUE
4;GRATUITE_AS;ANNUELLE;TRACKER;GRTE048;MONTANT TOTAL DES MEDICAMENTS DEPISTAGE;EGRATUITE;;;Couts controles de montant total des medicaments pour les depistages et les traitements des lesions precancereuses du col de l'uterus;KNjQS8mb9uL;;;BURKINA FASO GRATUITE;ie2XwUQG5ZQ;;;;;;;coutVerifier;Formulaire de revue documentaire;uyjsNEHy5v6;Revue documentaire;yE07BvQhhz3;Période contrôlée (1er jour du mois contrôlé);WVNBuFdconp;ACHAT_STRATEGIQUE
4;GRATUITE_AS;ANNUELLE;TRACKER;GRTE049;ACTES CONSULTATIONS_HOSPITALISATION DEPISTAGE;EGRATUITE;;;Couts controles des actes (consultations, mise en observation) pour les depistages et les traitements des lesions precancereuses du col de l'uterus;KVG0dKiZyl8;;;BURKINA FASO GRATUITE;ie2XwUQG5ZQ;;;;;;;coutVerifier;Formulaire de revue documentaire;uyjsNEHy5v6;Revue documentaire;yE07BvQhhz3;Période contrôlée (1er jour du mois contrôlé);WVNBuFdconp;ACHAT_STRATEGIQUE
4;GRATUITE_AS;ANNUELLE;TRACKER;GRTE050;EXAMENS COMPLEMENTAIRES DEPISTAGE;EGRATUITE;;;Couts controles des examens complementaires Depistage;dPWFerfZznI;;;BURKINA FASO GRATUITE;ie2XwUQG5ZQ;;;;;;;coutVerifier;Formulaire de revue documentaire;uyjsNEHy5v6;Revue documentaire;yE07BvQhhz3;Période contrôlée (1er jour du mois contrôlé);WVNBuFdconp;ACHAT_STRATEGIQUE
4;GRATUITE_AS;ANNUELLE;TRACKER;GRTE051;SOINS EN AMBULATOIRE PERSONNES AGEES;EGRATUITE;;;Couts controles soins en ambulatoire personnes agees;IC6lLHGggH2;;;BURKINA FASO GRATUITE;ie2XwUQG5ZQ;;;;;;;coutVerifier;Formulaire de revue documentaire;uyjsNEHy5v6;Revue documentaire;yE07BvQhhz3;Période contrôlée (1er jour du mois contrôlé);WVNBuFdconp;ACHAT_STRATEGIQUE
4;GRATUITE_AS;ANNUELLE;TRACKER;GRTE052;SOINS EN OBSERVATION/HOSPITALISATION PERSONNES AGEES;EGRATUITE;;;Couts controles soins en observation/Hospitalisation personnes agees;AC3ZE49kGdB;;;BURKINA FASO GRATUITE;ie2XwUQG5ZQ;;;;;;;coutVerifier;Formulaire de revue documentaire;uyjsNEHy5v6;Revue documentaire;yE07BvQhhz3;Période contrôlée (1er jour du mois contrôlé);WVNBuFdconp;ACHAT_STRATEGIQUE
4;GRATUITE_AS;ANNUELLE;TRACKER;GRTE053;CONSULTATIONS ANNUELLES DE SANTE PERSONNES AGEES;EGRATUITE;;;Couts controles consultations annuelles de sante personnes agees;Job9EgZyRFH;;;BURKINA FASO GRATUITE;ie2XwUQG5ZQ;;;;;;;coutVerifier;Formulaire de revue documentaire;uyjsNEHy5v6;Revue documentaire;yE07BvQhhz3;Période contrôlée (1er jour du mois contrôlé);WVNBuFdconp;ACHAT_STRATEGIQUE
4;GRATUITE_AS;ANNUELLE;TRACKER;GRTE054;CARBURANT EVACUATION PERSONNES AGEES;EGRATUITE;;;Couts controles carburant evacuation personnes agees;sAuOfYB9ry9;;;BURKINA FASO GRATUITE;ie2XwUQG5ZQ;;;;;;;coutVerifier;Formulaire de revue documentaire;uyjsNEHy5v6;Revue documentaire;yE07BvQhhz3;Période contrôlée (1er jour du mois contrôlé);WVNBuFdconp;ACHAT_STRATEGIQUE
4;GRATUITE_AS;ANNUELLE;TRACKER;GRTE055;MONTANT TOTAL DES MEDICAMENTS ET CONSOMMABLES MEDICAUX PERSONNES AGEES;EGRATUITE;;;Couts controles montant total des medicaments et consommables medicaux personnes agees;ECNemJcxKVc;;;BURKINA FASO GRATUITE;ie2XwUQG5ZQ;;;;;;;coutVerifier;Formulaire de revue documentaire;uyjsNEHy5v6;Revue documentaire;yE07BvQhhz3;Période contrôlée (1er jour du mois contrôlé);WVNBuFdconp;ACHAT_STRATEGIQUE
4;GRATUITE_AS;ANNUELLE;TRACKER;GRTE056;EXAMENS COMPLEMENTAIRES PERSONNES AGEES;EGRATUITE;;;Couts controles examens complementaires personnes agees;C2UWNzfLnp3;;;BURKINA FASO GRATUITE;ie2XwUQG5ZQ;;;;;;;coutVerifier;Formulaire de revue documentaire;uyjsNEHy5v6;Revue documentaire;yE07BvQhhz3;Période contrôlée (1er jour du mois contrôlé);WVNBuFdconp;ACHAT_STRATEGIQUE
4;GRATUITE_AS;ANNUELLE;TRACKER;GRTE057;ACTES (CONSULTATIONS, CHIRURGIES) PERSONNES AGEES;EGRATUITE;;;Couts controles actes (consultations, chirurgies) personnes agees;RxMomwHNzTJ;;;BURKINA FASO GRATUITE;ie2XwUQG5ZQ;;;;;;;coutVerifier;Formulaire de revue documentaire;uyjsNEHy5v6;Revue documentaire;yE07BvQhhz3;Période contrôlée (1er jour du mois contrôlé);WVNBuFdconp;ACHAT_STRATEGIQUE
4;GRATUITE_AS;ANNUELLE;TRACKER;GRTE058;MISE EN OBSERVATION/HOSPITALISATION PERSONNES AGEES;EGRATUITE;;;Couts controles Mise en observation/Hospitalisation personnes agees;XWPFVojp0DK;;;BURKINA FASO GRATUITE;ie2XwUQG5ZQ;;;;;;;coutVerifier;Formulaire de revue documentaire;uyjsNEHy5v6;Revue documentaire;yE07BvQhhz3;Période contrôlée (1er jour du mois contrôlé);WVNBuFdconp;ACHAT_STRATEGIQUE
4;GRATUITE_AS;ANNUELLE;TRACKER;GRTE059;DEPISTAGE EN MILIEU DE SOINS PVVIH;EGRATUITE;;;Couts controles depistage en milieu de soins PVVIH;Ok2cRbnO4n2;;;BURKINA FASO GRATUITE;ie2XwUQG5ZQ;;;;;;;coutVerifier;Formulaire de revue documentaire;uyjsNEHy5v6;Revue documentaire;yE07BvQhhz3;Période contrôlée (1er jour du mois contrôlé);WVNBuFdconp;ACHAT_STRATEGIQUE
4;GRATUITE_AS;ANNUELLE;TRACKER;GRTE060;SUIVI MEDICAL ET BIOLOGIQUE PVVIH;EGRATUITE;;;Couts controles montant total des medicaments et consommables medicaux PVVIH;RW5uCpiqdgo;;;BURKINA FASO GRATUITE;ie2XwUQG5ZQ;;;;;;;coutVerifier;Formulaire de revue documentaire;uyjsNEHy5v6;Revue documentaire;yE07BvQhhz3;Période contrôlée (1er jour du mois contrôlé);WVNBuFdconp;ACHAT_STRATEGIQUE
4;GRATUITE_AS;ANNUELLE;TRACKER;GRTE061;ACTES (CONSULTATIONS, CHIRURGIES) PVVIH;EGRATUITE;;;Couts controles actes (consultations, chirurgies) PVVIH;QkSqikNgsM0;;;BURKINA FASO GRATUITE;ie2XwUQG5ZQ;;;;;;;coutVerifier;Formulaire de revue documentaire;uyjsNEHy5v6;Revue documentaire;yE07BvQhhz3;Période contrôlée (1er jour du mois contrôlé);WVNBuFdconp;ACHAT_STRATEGIQUE
4;GRATUITE_AS;ANNUELLE;TRACKER;GRTE062;MONTANT TOTAL DES MEDICAMENTS ET CONSOMMABLES MEDICAUX PVVIH;EGRATUITE;;;Couts controles montant total des mÃ©dicaments et consommables mÃ©dicaux PVVIH;RW5uCpiqdgo;;;BURKINA FASO GRATUITE;ie2XwUQG5ZQ;;;;;;;coutVerifier;Formulaire de revue documentaire;uyjsNEHy5v6;Revue documentaire;yE07BvQhhz3;Période contrôlée (1er jour du mois contrôlé);WVNBuFdconp;ACHAT_STRATEGIQUE
4;GRATUITE_AS;ANNUELLE;TRACKER;GRTE063;EXAMENS COMPLEMENTAIRES PVVIH;EGRATUITE;;;Couts controles examens complementaires PVVIH;BRzzrNWWk5U;;;BURKINA FASO GRATUITE;ie2XwUQG5ZQ;;;;;;;coutVerifier;Formulaire de revue documentaire;uyjsNEHy5v6;Revue documentaire;yE07BvQhhz3;Période contrôlée (1er jour du mois contrôlé);WVNBuFdconp;ACHAT_STRATEGIQUE
4;GRATUITE_AS;ANNUELLE;TRACKER;GRTE064;MISE EN OBSERVATION/HOSPITALISATION PVVIH;EGRATUITE;;;Couts controles mise en observation/Hospitalisation PVVIH;uPJGa1BYLKL;;;BURKINA FASO GRATUITE;ie2XwUQG5ZQ;;;;;;;coutVerifier;Formulaire de revue documentaire;uyjsNEHy5v6;Revue documentaire;yE07BvQhhz3;Période contrôlée (1er jour du mois contrôlé);WVNBuFdconp;ACHAT_STRATEGIQUE
4;GRATUITE_AS;ANNUELLE;TRACKER;GRTE065;SOINS CURATIFS CONTRE LA DIARRHEE COMMUNAUTAIRE;EGRATUITE;;;Couts controles desoins curatifs contre la diarrhee _soins ASBC;dCTVxgJIedi;;;BURKINA FASO GRATUITE;ie2XwUQG5ZQ;;;;;;;coutVerifier;Formulaire de revue documentaire;uyjsNEHy5v6;Revue documentaire;yE07BvQhhz3;Période contrôlée (1er jour du mois contrôlé);WVNBuFdconp;ACHAT_STRATEGIQUE
4;GRATUITE_AS;ANNUELLE;TRACKER;GRTE066;SOINS CURATIFS CONTRE LA PNEUMONIE COMMUNAUTAIRE;EGRATUITE;;;Couts controles desoins curatifs contre la pneumonie _soins ASBC;HXbL4EktfTY;;;BURKINA FASO GRATUITE;ie2XwUQG5ZQ;;;;;;;coutVerifier;Formulaire de revue documentaire;uyjsNEHy5v6;Revue documentaire;yE07BvQhhz3;Période contrôlée (1er jour du mois contrôlé);WVNBuFdconp;ACHAT_STRATEGIQUE
4;GRATUITE_AS;ANNUELLE;TRACKER;GRTE067;SOINS CURATIFS CONTRE LE PALUDISME SIMPLE COMMUNAUTAIRE;EGRATUITE;;;Couts controles desoins curatifs contre le paludisme simple _soins ASBC;RpJAKpzsYKO;;;BURKINA FASO GRATUITE;ie2XwUQG5ZQ;;;;;;;coutVerifier;Formulaire de revue documentaire;uyjsNEHy5v6;Revue documentaire;yE07BvQhhz3;Période contrôlée (1er jour du mois contrôlé);WVNBuFdconp;ACHAT_STRATEGIQUE
4;GRATUITE_AS;ANNUELLE;TRACKER;GRTE068;SOINS PRE-TRANSFERT DU PALUDISME GRAVE COMMUNAUTAIRE;EGRATUITE;;;Couts controles desoins pre-transfert du paludisme grave _soins ASBC;R76EvUyNTcQ;;;BURKINA FASO GRATUITE;ie2XwUQG5ZQ;;;;;;;coutVerifier;Formulaire de revue documentaire;uyjsNEHy5v6;Revue documentaire;yE07BvQhhz3;Période contrôlée (1er jour du mois contrôlé);WVNBuFdconp;ACHAT_STRATEGIQUE
4;GRATUITE_AS;ANNUELLE;TRACKER;GRTE069;TDR PALUDISME COMMUNAUTAIRE;EGRATUITE;;;Couts controles detdr paludisme _soins ASBC;zqh7qvRSRzI;;;BURKINA FASO GRATUITE;ie2XwUQG5ZQ;;;;;;;coutVerifier;Formulaire de revue documentaire;uyjsNEHy5v6;Revue documentaire;yE07BvQhhz3;Période contrôlée (1er jour du mois contrôlé);WVNBuFdconp;ACHAT_STRATEGIQUE
4;GRATUITE_AS;ANNUELLE;TRACKER;GRTE070;SAYANA PRESS COMMUNAUTAIRE;EGRATUITE;;;Couts controles desayana press _soins ASBC;lm4OXK1oCzC;;;BURKINA FASO GRATUITE;ie2XwUQG5ZQ;;;;;;;coutVerifier;Formulaire de revue documentaire;uyjsNEHy5v6;Revue documentaire;yE07BvQhhz3;Période contrôlée (1er jour du mois contrôlé);WVNBuFdconp;ACHAT_STRATEGIQUE
4;GRATUITE_AS;ANNUELLE;TRACKER;GRTE071;PILULE COMMUNAUTAIRE;EGRATUITE;;;Couts controles depilule _soins ASBC;tCJiXUbat3T;;;BURKINA FASO GRATUITE;ie2XwUQG5ZQ;;;;;;;coutVerifier;Formulaire de revue documentaire;uyjsNEHy5v6;Revue documentaire;yE07BvQhhz3;Période contrôlée (1er jour du mois contrôlé);WVNBuFdconp;ACHAT_STRATEGIQUE
4;GRATUITE_AS;ANNUELLE;TRACKER;GRTE072;CONDOM MASCULIN COMMUNAUTAIRE;EGRATUITE;;;Couts controles decondom masculin _soins ASBC;qxbxHjblauw;;;BURKINA FASO GRATUITE;ie2XwUQG5ZQ;;;;;;;coutVerifier;Formulaire de revue documentaire;uyjsNEHy5v6;Revue documentaire;yE07BvQhhz3;Période contrôlée (1er jour du mois contrôlé);WVNBuFdconp;ACHAT_STRATEGIQUE
4;GRATUITE_AS;ANNUELLE;TRACKER;GRTE073;CONDOM FEMININ COMMUNAUTAIRE;EGRATUITE;;;Couts controles decondom feminin _soins ASBC;DCbF6viPDne;;;BURKINA FASO GRATUITE;ie2XwUQG5ZQ;;;;;;;coutVerifier;Formulaire de revue documentaire;uyjsNEHy5v6;Revue documentaire;yE07BvQhhz3;Période contrôlée (1er jour du mois contrôlé);WVNBuFdconp;ACHAT_STRATEGIQUE
