kobo_assetName;kobo_assetUid;kobo_name;kobo_label;dhis_programName;dhis_programId;dhis_date;dhis_orgUnit;dhis_attributName;dhis_attributId;dhis_multipleAttribut;dhis_programStageName;dhis_programStageId;dhis_dataElementName;dhis_dataElementId;dhis_multipleDataElement;dhis_programStageRepeat;dhis_GPS
SURVEILLANCE RESUREP;aH6gXzGCs5wHPTkWX9vTve;_id;;Kobo_Surveillance RESUREP;EgQZ9gmMK7i;;;Kobo _Id;wd7YpGWz2Xd;;;;;;;;
SURVEILLANCE RESUREP;aH6gXzGCs5wHPTkWX9vTve;_submission_time;;Kobo_Surveillance RESUREP;EgQZ9gmMK7i;;;kobo_Date de soumission du rapport;T4C0x7l2bgN;;;;;;;;
SURVEILLANCE RESUREP;aH6gXzGCs5wHPTkWX9vTve;nom_PV;Précisez le nom de votre poste vétérinaire / cliniques / structures;Kobo_Surveillance RESUREP;EgQZ9gmMK7i;;oui;;;;;;;;;;
SURVEILLANCE RESUREP;aH6gXzGCs5wHPTkWX9vTve;Code_foyer;Code foyer;Kobo_Surveillance RESUREP;EgQZ9gmMK7i;;;kobo_Code foyer;hZzqHDiwwrW;;;;;;;;
SURVEILLANCE RESUREP;aH6gXzGCs5wHPTkWX9vTve;nom_agent;Prénoms et nom;Kobo_Surveillance RESUREP;EgQZ9gmMK7i;;;kobo_Prénoms et nom de l'agent;qFW4XS1meT5;;;;;;;;
SURVEILLANCE RESUREP;aH6gXzGCs5wHPTkWX9vTve;TitreAgent;Titre;Kobo_Surveillance RESUREP;EgQZ9gmMK7i;;;kobo_Titre;vnTluy3gzrm;;;;;;;;
SURVEILLANCE RESUREP;aH6gXzGCs5wHPTkWX9vTve;StatutAgent;Statut;Kobo_Surveillance RESUREP;EgQZ9gmMK7i;;;kobo_Statut;YbTE7crgoTU;;;;;;;;
SURVEILLANCE RESUREP;aH6gXzGCs5wHPTkWX9vTve;Adresse_mail;Adresse mail;Kobo_Surveillance RESUREP;EgQZ9gmMK7i;;;kobo_Adresse mail;xi9NkEoK7TO;;;;;;;;
SURVEILLANCE RESUREP;aH6gXzGCs5wHPTkWX9vTve;telephone_agent;Téléphone;Kobo_Surveillance RESUREP;EgQZ9gmMK7i;;;kobo_Téléphone;fYfct0qODtC;;;;;;;;
SURVEILLANCE RESUREP;aH6gXzGCs5wHPTkWX9vTve;formulaire;Quel formulaire souhaitez-vous renseigner?;Kobo_Surveillance RESUREP;EgQZ9gmMK7i;;;kobo_Quel formulaire souhaitez-vous renseigner?;HEvWzvxvu9P;;;;;;;;
SURVEILLANCE RESUREP;aH6gXzGCs5wHPTkWX9vTve;suspiscion;Avez vous une suspicion à notifier ?;Kobo_Surveillance RESUREP;EgQZ9gmMK7i;;;kobo_Avez vous une suspicion à notifier ?;Nr3VTl50NBo;;;;;;;;
SURVEILLANCE RESUREP;aH6gXzGCs5wHPTkWX9vTve;Clinique_veto;Clinique vétérinaire;Kobo_Surveillance RESUREP;EgQZ9gmMK7i;;;kobo_Clinique vétérinaire;bcKCdVCXpTW;;;;;;;;
SURVEILLANCE RESUREP;aH6gXzGCs5wHPTkWX9vTve;Precisez_le_nom_de_l_autre_que_PV_ou_PCVF;Precisez le nom de la structure autre que PV ou PCVF;Kobo_Surveillance RESUREP;EgQZ9gmMK7i;;;kobo_Precisez le nom de la structure autre que PV ou PCVF;AvWLYsbcqLT;;;;;;;;
SURVEILLANCE RESUREP;aH6gXzGCs5wHPTkWX9vTve;Date_rapportage;Date de rapportage;Kobo_Surveillance RESUREP;EgQZ9gmMK7i;oui;;kobo_Date de rapportage;jXm1vhj5J1X;;;;;;;;
SURVEILLANCE RESUREP;aH6gXzGCs5wHPTkWX9vTve;age_eleveur;Âge;Kobo_Surveillance RESUREP;EgQZ9gmMK7i;;;;;;Surveillance de troupeau;h9wZjF4f9Q0;kobo_Âge;GcuL0eWszJ9;;;
SURVEILLANCE RESUREP;aH6gXzGCs5wHPTkWX9vTve;Autre_echantillon;Autre échantillon;Kobo_Surveillance RESUREP;EgQZ9gmMK7i;;;;;;Surveillance de troupeau;h9wZjF4f9Q0;kobo_Autre échantillon;K3b55lLg8D1;;;
SURVEILLANCE RESUREP;aH6gXzGCs5wHPTkWX9vTve;observations_remplissage;Avez vous des observations liées au remplissage de ce formulaire surveillance troupeau?;Kobo_Surveillance RESUREP;EgQZ9gmMK7i;;;;;;Surveillance de troupeau;h9wZjF4f9Q0;kobo_Avez vous des observations liées au remplissage de ce formulaire surveillance troupeau?;kMuikAy9zpm;;;
SURVEILLANCE RESUREP;aH6gXzGCs5wHPTkWX9vTve;abobservations_remp;Avez vous des observations liées au remplissage de ce formulaire?;Kobo_Surveillance RESUREP;EgQZ9gmMK7i;;;;;;Surveillance de troupeau;h9wZjF4f9Q0;kobo_Avez vous des observations liées au remplissage de ce formulaire?;Megc2l0mgEo;;;
SURVEILLANCE RESUREP;aH6gXzGCs5wHPTkWX9vTve;Avez_vous_pris_des_mesures_de;Avez vous pris des mesures de contrôle liés à votre suspicion?;Kobo_Surveillance RESUREP;EgQZ9gmMK7i;;;;;;Surveillance de troupeau;h9wZjF4f9Q0;kobo_Avez vous pris des mesures de contrôle liés à votre suspicion?;iECirwBLtwS;;;
SURVEILLANCE RESUREP;aH6gXzGCs5wHPTkWX9vTve;commune_001;Choisissez la commune;Kobo_Surveillance RESUREP;EgQZ9gmMK7i;;;;;;Surveillance de troupeau;h9wZjF4f9Q0;kobo_Choisissez la commune;KVePiEb9jXm;;;
SURVEILLANCE RESUREP;aH6gXzGCs5wHPTkWX9vTve;abattoir;Choisissez l'abattoir;Kobo_Surveillance RESUREP;EgQZ9gmMK7i;;;;;;Surveillance de troupeau;h9wZjF4f9Q0;kobo_Choisissez l'abattoir;yvyhCpw23Xb;;;
SURVEILLANCE RESUREP;aH6gXzGCs5wHPTkWX9vTve;liste_lesions;Choisissez les lésions;Kobo_Surveillance RESUREP;EgQZ9gmMK7i;;;;;;Surveillance de troupeau;h9wZjF4f9Q0;;;liste_lesions;;
SURVEILLANCE RESUREP;aH6gXzGCs5wHPTkWX9vTve;liste_signes;Choisissez les signes;Kobo_Surveillance RESUREP;EgQZ9gmMK7i;;;;;;Surveillance de troupeau;h9wZjF4f9Q0;;;liste_signes;;
SURVEILLANCE RESUREP;aH6gXzGCs5wHPTkWX9vTve;qMad1;Choisissez votre la maladie suspectée;Kobo_Surveillance RESUREP;EgQZ9gmMK7i;;;;;;Surveillance de troupeau;h9wZjF4f9Q0;kobo_Choisissez votre la maladie suspectée;r8ilsWgjAEO;;;
SURVEILLANCE RESUREP;aH6gXzGCs5wHPTkWX9vTve;NbFoyer;Combien de foyers ?;Kobo_Surveillance RESUREP;EgQZ9gmMK7i;;;;;;Surveillance de troupeau;h9wZjF4f9Q0;kobo_Combien de foyers ?;RvD83iazCOj;;;
SURVEILLANCE RESUREP;aH6gXzGCs5wHPTkWX9vTve;Commentaire_de_la_suspicion;Commentaire de la suspicion;Kobo_Surveillance RESUREP;EgQZ9gmMK7i;;;;;;Surveillance de troupeau;h9wZjF4f9Q0;kobo_Commentaire de la suspicion;vIcVGiXDUoO;;;
SURVEILLANCE RESUREP;aH6gXzGCs5wHPTkWX9vTve;Commentaire_des_r_sultats;Commentaire des résultats;Kobo_Surveillance RESUREP;EgQZ9gmMK7i;;;;;;Surveillance de troupeau;h9wZjF4f9Q0;kobo_Commentaire des résultats;T0OcpqZ21Ri;;;
SURVEILLANCE RESUREP;aH6gXzGCs5wHPTkWX9vTve;Commentaire_mesures_de_control;Commentaires mesures de contrôle;Kobo_Surveillance RESUREP;EgQZ9gmMK7i;;;;;;Surveillance de troupeau;h9wZjF4f9Q0;kobo_Commentaires mesures de contrôle;pspXJNSdume;;;
SURVEILLANCE RESUREP;aH6gXzGCs5wHPTkWX9vTve;abcoord_X;Coord X;Kobo_Surveillance RESUREP;EgQZ9gmMK7i;;;;;;Surveillance de troupeau;h9wZjF4f9Q0;kobo_Coord X;HwrFvuqUFpm;;;
SURVEILLANCE RESUREP;aH6gXzGCs5wHPTkWX9vTve;abcoord_Y;Coord Y;Kobo_Surveillance RESUREP;EgQZ9gmMK7i;;;;;;Surveillance de troupeau;h9wZjF4f9Q0;kobo_Coord Y;YLbM7m5TvJC;;;
SURVEILLANCE RESUREP;aH6gXzGCs5wHPTkWX9vTve;Date_realisation;Date de réalisation du prélèvement;Kobo_Surveillance RESUREP;EgQZ9gmMK7i;;;;;;Surveillance de troupeau;h9wZjF4f9Q0;kobo_Date de réalisation du prélèvement;kI1bJsALZyY;;;
SURVEILLANCE RESUREP;aH6gXzGCs5wHPTkWX9vTve;Date_recep_echantil;Date de réception des échantillons;Kobo_Surveillance RESUREP;EgQZ9gmMK7i;;;;;;Surveillance de troupeau;h9wZjF4f9Q0;kobo_Date de réception des échantillons;RUWh1uzADUw;;;
SURVEILLANCE RESUREP;aH6gXzGCs5wHPTkWX9vTve;Date_emission_result;Date d'émission des résultats;Kobo_Surveillance RESUREP;EgQZ9gmMK7i;;;;;;Surveillance de troupeau;h9wZjF4f9Q0;kobo_Date d'émission des résultats;qTZLXO3XzQp;;;
SURVEILLANCE RESUREP;aH6gXzGCs5wHPTkWX9vTve;Date_envoi_prelev;Date d'envoi du prélèvement;Kobo_Surveillance RESUREP;EgQZ9gmMK7i;;;;;;Surveillance de troupeau;h9wZjF4f9Q0;kobo_Date d'envoi du prélèvement;pSmNlln1VdZ;;;
SURVEILLANCE RESUREP;aH6gXzGCs5wHPTkWX9vTve;abdate_insp;Date d'inspection;Kobo_Surveillance RESUREP;EgQZ9gmMK7i;;;;;;Surveillance de troupeau;h9wZjF4f9Q0;kobo_Date d'inspection;zAhjUChUzCM;;;
SURVEILLANCE RESUREP;aH6gXzGCs5wHPTkWX9vTve;Date_signalement;Date du signalement;Kobo_Surveillance RESUREP;EgQZ9gmMK7i;;;;;;Surveillance de troupeau;h9wZjF4f9Q0;kobo_Date du signalement;dcphipJoWJZ;;;
SURVEILLANCE RESUREP;aH6gXzGCs5wHPTkWX9vTve;EvolutionMaladie;Evolution de la maladie;Kobo_Surveillance RESUREP;EgQZ9gmMK7i;;;;;;Surveillance de troupeau;h9wZjF4f9Q0;kobo_Evolution de la maladie;e0RpQBbzofk;;;
SURVEILLANCE RESUREP;aH6gXzGCs5wHPTkWX9vTve;AutreFoyer;Existe-t-il d'autres foyers suspects à proximité du site ?;Kobo_Surveillance RESUREP;EgQZ9gmMK7i;;;;;;Surveillance de troupeau;h9wZjF4f9Q0;kobo_Existe-t-il d'autres foyers suspects à proximité du site ?;OP0u0zw60dS;;;
SURVEILLANCE RESUREP;aH6gXzGCs5wHPTkWX9vTve;Geolocalisation;Géolocalisation;Kobo_Surveillance RESUREP;EgQZ9gmMK7i;;;;;;Surveillance de troupeau;h9wZjF4f9Q0;kobo_Géolocalisation;NeBhImiXCkT;;;oui
SURVEILLANCE RESUREP;aH6gXzGCs5wHPTkWX9vTve;MesureCtrl;Mesures de contrôle troupeau;Kobo_Surveillance RESUREP;EgQZ9gmMK7i;;;;;;Surveillance de troupeau;h9wZjF4f9Q0;;;MesureCtrl;;
SURVEILLANCE RESUREP;aH6gXzGCs5wHPTkWX9vTve;Nature_de_l_chantillon;Nature  de l'échantillon;Kobo_Surveillance RESUREP;EgQZ9gmMK7i;;;;;;Surveillance de troupeau;h9wZjF4f9Q0;;;Nature_de_l_chantillon;;
SURVEILLANCE RESUREP;aH6gXzGCs5wHPTkWX9vTve;nbre_d_animaux_abattus;nbre d’animaux abattus;Kobo_Surveillance RESUREP;EgQZ9gmMK7i;;;;;;Surveillance de troupeau;h9wZjF4f9Q0;kobo_nbre d’animaux abattus;rc4Tm0ZB8sV;;;
SURVEILLANCE RESUREP;aH6gXzGCs5wHPTkWX9vTve;nb_animaux_vaccin;nbre d’animaux vaccinés;Kobo_Surveillance RESUREP;EgQZ9gmMK7i;;;;;;Surveillance de troupeau;h9wZjF4f9Q0;kobo_nbre d’animaux vaccinés;Ec8uzshKUjp;;;
SURVEILLANCE RESUREP;aH6gXzGCs5wHPTkWX9vTve;Nb_ani_trait_spec;Nbre d'animaux ayant reçus un traitement spécifique;Kobo_Surveillance RESUREP;EgQZ9gmMK7i;;;;;;Surveillance de troupeau;h9wZjF4f9Q0;kobo_Nbre d'animaux ayant reçus un traitement spécifique;qKdDfueRk0n;;;
SURVEILLANCE RESUREP;aH6gXzGCs5wHPTkWX9vTve;Nb_ani_depist;Nbre d'animaux dépistés;Kobo_Surveillance RESUREP;EgQZ9gmMK7i;;;;;;Surveillance de troupeau;h9wZjF4f9Q0;kobo_Nbre d'animaux dépistés;kwmVVnrCACm;;;
SURVEILLANCE RESUREP;aH6gXzGCs5wHPTkWX9vTve;Nb_ani_depist_neg;Nbre d'animaux dépistés négatifs;Kobo_Surveillance RESUREP;EgQZ9gmMK7i;;;;;;Surveillance de troupeau;h9wZjF4f9Q0;kobo_Nbre d'animaux dépistés négatifs;uarn3E58YZU;;;
SURVEILLANCE RESUREP;aH6gXzGCs5wHPTkWX9vTve;Nb_ani_depist_posi;Nbre d'animaux dépistés positifs;Kobo_Surveillance RESUREP;EgQZ9gmMK7i;;;;;;Surveillance de troupeau;h9wZjF4f9Q0;kobo_Nbre d'animaux dépistés positifs;gOAc7J42JaP;;;
SURVEILLANCE RESUREP;aH6gXzGCs5wHPTkWX9vTve;Nb_animaux_mis_mort;Nbre d'animaux mis à mort;Kobo_Surveillance RESUREP;EgQZ9gmMK7i;;;;;;Surveillance de troupeau;h9wZjF4f9Q0;kobo_Nbre d'animaux mis à mort;cuz9YeSyMpl;;;
SURVEILLANCE RESUREP;aH6gXzGCs5wHPTkWX9vTve;Nbre_d_animaux_mis_en_observation;Nbre d'animaux mis en observation;Kobo_Surveillance RESUREP;EgQZ9gmMK7i;;;;;;Surveillance de troupeau;h9wZjF4f9Q0;kobo_Nbre d'animaux mis en observation;FnWczSgGfXO;;;
SURVEILLANCE RESUREP;aH6gXzGCs5wHPTkWX9vTve;Nb_animaux_quarantaine;Nbre d'animaux mis en quarantaine;Kobo_Surveillance RESUREP;EgQZ9gmMK7i;;;;;;Surveillance de troupeau;h9wZjF4f9Q0;kobo_Nbre d'animaux mis en quarantaine;Hn97KSnWizk;;;
SURVEILLANCE RESUREP;aH6gXzGCs5wHPTkWX9vTve;Nb_ani_trait_sympt;Nbre d'animaux traités sur la base des symptomes;Kobo_Surveillance RESUREP;EgQZ9gmMK7i;;;;;;Surveillance de troupeau;h9wZjF4f9Q0;kobo_Nbre d'animaux traités sur la base des symptomes;m1SU6n4ENQY;;;
SURVEILLANCE RESUREP;aH6gXzGCs5wHPTkWX9vTve;Nb_carc_detruit;Nbre de carcasses détruites;Kobo_Surveillance RESUREP;EgQZ9gmMK7i;;;;;;Surveillance de troupeau;h9wZjF4f9Q0;kobo_Nbre de carcasses détruites;qIfpfgtr9GC;;;
SURVEILLANCE RESUREP;aH6gXzGCs5wHPTkWX9vTve;abaire_abat;Nom aire d'abattage;Kobo_Surveillance RESUREP;EgQZ9gmMK7i;;;;;;Surveillance de troupeau;h9wZjF4f9Q0;kobo_Nom aire d'abattage;yuJNDN22VOQ;;;
SURVEILLANCE RESUREP;aH6gXzGCs5wHPTkWX9vTve;Nom_labo;Nom du laboratoire;Kobo_Surveillance RESUREP;EgQZ9gmMK7i;;;;;;Surveillance de troupeau;h9wZjF4f9Q0;kobo_Nom du laboratoire;fC0LOzUwo4v;;;
SURVEILLANCE RESUREP;aH6gXzGCs5wHPTkWX9vTve;Nom_du_village;Nom du village;Kobo_Surveillance RESUREP;EgQZ9gmMK7i;;;;;;Surveillance de troupeau;h9wZjF4f9Q0;kobo_Nom du village;NSscPTdPV3F;;;
SURVEILLANCE RESUREP;aH6gXzGCs5wHPTkWX9vTve;nom_eleveur;Nom et prénoms de l'éleveur;Kobo_Surveillance RESUREP;EgQZ9gmMK7i;;;;;;Surveillance de troupeau;h9wZjF4f9Q0;kobo_Nom et prénoms de l'éleveur;tshaigUj1TS;;;
SURVEILLANCE RESUREP;aH6gXzGCs5wHPTkWX9vTve;Nb_ech_aliment;Nombre d'échantillon d'aliments suspectés;Kobo_Surveillance RESUREP;EgQZ9gmMK7i;;;;;;Surveillance de troupeau;h9wZjF4f9Q0;kobo_Nombre d'échantillon d'aliments suspectés;Onj33g8f3hj;;;
SURVEILLANCE RESUREP;aH6gXzGCs5wHPTkWX9vTve;Nb_ech_aphtes;Nombre d'échantillon d'aphtes;Kobo_Surveillance RESUREP;EgQZ9gmMK7i;;;;;;Surveillance de troupeau;h9wZjF4f9Q0;kobo_Nombre d'échantillon d'aphtes;tWdwyAyQysX;;;
SURVEILLANCE RESUREP;aH6gXzGCs5wHPTkWX9vTve;Nb_ech_autre;Nombre d'échantillon d'autres;Kobo_Surveillance RESUREP;EgQZ9gmMK7i;;;;;;Surveillance de troupeau;h9wZjF4f9Q0;kobo_Nombre d'échantillon d'autres;PicHfwFv5Ik;;;
SURVEILLANCE RESUREP;aH6gXzGCs5wHPTkWX9vTve;Nb_ech_cadavre_frais;Nombre d'échantillon de cadavres frais;Kobo_Surveillance RESUREP;EgQZ9gmMK7i;;;;;;Surveillance de troupeau;h9wZjF4f9Q0;kobo_Nombre d'échantillon de cadavres frais;lPg9LzSQIxv;;;
SURVEILLANCE RESUREP;aH6gXzGCs5wHPTkWX9vTve;Nb_ech_coeur;Nombre d'échantillon de cœur;Kobo_Surveillance RESUREP;EgQZ9gmMK7i;;;;;;Surveillance de troupeau;h9wZjF4f9Q0;kobo_Nombre d'échantillon de cœur;OEdJj1dDlK6;;;
SURVEILLANCE RESUREP;aH6gXzGCs5wHPTkWX9vTve;Nb_ech_cont_stomacal;Nombre d'échantillon de contenu stomacal;Kobo_Surveillance RESUREP;EgQZ9gmMK7i;;;;;;Surveillance de troupeau;h9wZjF4f9Q0;kobo_Nombre d'échantillon de contenu stomacal;MIROAhv20jy;;;
SURVEILLANCE RESUREP;aH6gXzGCs5wHPTkWX9vTve;Nb_ech_croute;Nombre d'échantillon de croûte;Kobo_Surveillance RESUREP;EgQZ9gmMK7i;;;;;;Surveillance de troupeau;h9wZjF4f9Q0;kobo_Nombre d'échantillon de croûte;kh4VvQHV3KD;;;
SURVEILLANCE RESUREP;aH6gXzGCs5wHPTkWX9vTve;Nb_ech_foie;Nombre d'échantillon de foie;Kobo_Surveillance RESUREP;EgQZ9gmMK7i;;;;;;Surveillance de troupeau;h9wZjF4f9Q0;kobo_Nombre d'échantillon de foie;zGON8pUwSHx;;;
SURVEILLANCE RESUREP;aH6gXzGCs5wHPTkWX9vTve;Nb_ech_ecouv_gangl;Nombre d'échantillon de ganglions;Kobo_Surveillance RESUREP;EgQZ9gmMK7i;;;;;;Surveillance de troupeau;h9wZjF4f9Q0;kobo_Nombre d'échantillon de ganglions;ehzs8BYbl95;;;
SURVEILLANCE RESUREP;aH6gXzGCs5wHPTkWX9vTve;Nb_ech_lait;Nombre d'échantillon de lait;Kobo_Surveillance RESUREP;EgQZ9gmMK7i;;;;;;Surveillance de troupeau;h9wZjF4f9Q0;kobo_Nombre d'échantillon de lait;poP0t0XqXTN;;;
SURVEILLANCE RESUREP;aH6gXzGCs5wHPTkWX9vTve;Nb_ech_LBA;Nombre d'échantillon de Liquide Broncho-Alvéolaire (LBA);Kobo_Surveillance RESUREP;EgQZ9gmMK7i;;;;;;Surveillance de troupeau;h9wZjF4f9Q0;kobo_Nombre d'échantillon de Liquide Broncho-Alvéolaire (LBA);vzIL5TenKqx;;;
SURVEILLANCE RESUREP;aH6gXzGCs5wHPTkWX9vTve;Nb_ech_liq_pleural;Nombre d'échantillon de liquide pleural;Kobo_Surveillance RESUREP;EgQZ9gmMK7i;;;;;;Surveillance de troupeau;h9wZjF4f9Q0;kobo_Nombre d'échantillon de liquide pleural;uraRbScBfXs;;;
SURVEILLANCE RESUREP;aH6gXzGCs5wHPTkWX9vTve;Nb_ech_poumons;Nombre d'échantillon de poumons;Kobo_Surveillance RESUREP;EgQZ9gmMK7i;;;;;;Surveillance de troupeau;h9wZjF4f9Q0;kobo_Nombre d'échantillon de poumons;vdID2udOd8J;;;
SURVEILLANCE RESUREP;aH6gXzGCs5wHPTkWX9vTve;Nb_ech_rate;Nombre d'échantillon de rate;Kobo_Surveillance RESUREP;EgQZ9gmMK7i;;;;;;Surveillance de troupeau;h9wZjF4f9Q0;kobo_Nombre d'échantillon de rate;rF22AjYh8ZX;;;
SURVEILLANCE RESUREP;aH6gXzGCs5wHPTkWX9vTve;Nb_ech_reins;Nombre d'échantillon de reins;Kobo_Surveillance RESUREP;EgQZ9gmMK7i;;;;;;Surveillance de troupeau;h9wZjF4f9Q0;kobo_Nombre d'échantillon de reins;hA0GvKlslOP;;;
SURVEILLANCE RESUREP;aH6gXzGCs5wHPTkWX9vTve;Nb_ech_sang_total;Nombre d'échantillon de sang total;Kobo_Surveillance RESUREP;EgQZ9gmMK7i;;;;;;Surveillance de troupeau;h9wZjF4f9Q0;kobo_Nombre d'échantillon de sang total;D1NnmAfYJzx;;;
SURVEILLANCE RESUREP;aH6gXzGCs5wHPTkWX9vTve;Nb_ech_selles;Nombre d'échantillon de selles (fientes);Kobo_Surveillance RESUREP;EgQZ9gmMK7i;;;;;;Surveillance de troupeau;h9wZjF4f9Q0;kobo_Nombre d'échantillon de selles (fientes);NEvKGXym7pD;;;
SURVEILLANCE RESUREP;aH6gXzGCs5wHPTkWX9vTve;Nb_ech_sequestre;Nombre d'échantillon de séquestre;Kobo_Surveillance RESUREP;EgQZ9gmMK7i;;;;;;Surveillance de troupeau;h9wZjF4f9Q0;kobo_Nombre d'échantillon de séquestre;hZBt0M0TwLJ;;;
SURVEILLANCE RESUREP;aH6gXzGCs5wHPTkWX9vTve;Nb_ech_serum;Nombre d'échantillon de sérum;Kobo_Surveillance RESUREP;EgQZ9gmMK7i;;;;;;Surveillance de troupeau;h9wZjF4f9Q0;kobo_Nombre d'échantillon de sérum;xWZIGSYK1BV;;;
SURVEILLANCE RESUREP;aH6gXzGCs5wHPTkWX9vTve;Nb_ech_suj_vivants;Nombre d'échantillon de sujets vivants;Kobo_Surveillance RESUREP;EgQZ9gmMK7i;;;;;;Surveillance de troupeau;h9wZjF4f9Q0;kobo_Nombre d'échantillon de sujets vivants;LZdVFRBNH8e;;;
SURVEILLANCE RESUREP;aH6gXzGCs5wHPTkWX9vTve;Nb_ech_tete;Nombre d'échantillon de tête;Kobo_Surveillance RESUREP;EgQZ9gmMK7i;;;;;;Surveillance de troupeau;h9wZjF4f9Q0;kobo_Nombre d'échantillon de tête;RrnzdDBR4Yx;;;
SURVEILLANCE RESUREP;aH6gXzGCs5wHPTkWX9vTve;Nb_ech_ecouv_buccal;Nombre d'échantillon d'écouvillons Buccal;Kobo_Surveillance RESUREP;EgQZ9gmMK7i;;;;;;Surveillance de troupeau;h9wZjF4f9Q0;kobo_Nombre d'échantillon d'écouvillons Buccal;EnP1WVH5MEq;;;
SURVEILLANCE RESUREP;aH6gXzGCs5wHPTkWX9vTve;Nb_ech_ecouv_cloac;Nombre d'échantillon d'écouvillons cloacal;Kobo_Surveillance RESUREP;EgQZ9gmMK7i;;;;;;Surveillance de troupeau;h9wZjF4f9Q0;kobo_Nombre d'échantillon d'écouvillons cloacal;ZRVYIV8ZpyM;;;
SURVEILLANCE RESUREP;aH6gXzGCs5wHPTkWX9vTve;Nb_ech_ecouv_nasal;Nombre d'échantillon d'écouvillons Nasal;Kobo_Surveillance RESUREP;EgQZ9gmMK7i;;;;;;Surveillance de troupeau;h9wZjF4f9Q0;kobo_Nombre d'échantillon d'écouvillons Nasal;slaEsL0oyN4;;;
SURVEILLANCE RESUREP;aH6gXzGCs5wHPTkWX9vTve;Nb_ech_ecouv_occul;Nombre d'échantillon d'écouvillons Occulaire;Kobo_Surveillance RESUREP;EgQZ9gmMK7i;;;;;;Surveillance de troupeau;h9wZjF4f9Q0;kobo_Nombre d'échantillon d'écouvillons Occulaire;X06tjCDhnWX;;;
SURVEILLANCE RESUREP;aH6gXzGCs5wHPTkWX9vTve;Nb_ech_ecouv_trach;Nombre d'échantillon d'écouvillons Trachéal;Kobo_Surveillance RESUREP;EgQZ9gmMK7i;;;;;;Surveillance de troupeau;h9wZjF4f9Q0;kobo_Nombre d'échantillon d'écouvillons Trachéal;WgEqUN02QZb;;;
SURVEILLANCE RESUREP;aH6gXzGCs5wHPTkWX9vTve;Nb_ech_intestins;Nombre d'échantillon d'intestins;Kobo_Surveillance RESUREP;EgQZ9gmMK7i;;;;;;Surveillance de troupeau;h9wZjF4f9Q0;kobo_Nombre d'échantillon d'intestins;BTMzEdOVJPn;;;
SURVEILLANCE RESUREP;aH6gXzGCs5wHPTkWX9vTve;Nb_ech_os_los;Nombre d'échantillon d'os long;Kobo_Surveillance RESUREP;EgQZ9gmMK7i;;;;;;Surveillance de troupeau;h9wZjF4f9Q0;kobo_Nombre d'échantillon d'os long;ZSRcNxhWOGE;;;
SURVEILLANCE RESUREP;aH6gXzGCs5wHPTkWX9vTve;Nb_ech_urine;Nombre d'échantillon d'urine;Kobo_Surveillance RESUREP;EgQZ9gmMK7i;;;;;;Surveillance de troupeau;h9wZjF4f9Q0;kobo_Nombre d'échantillon d'urine;mIYtnvWZCMx;;;
SURVEILLANCE RESUREP;aH6gXzGCs5wHPTkWX9vTve;Nbre_echantillons_expl;Nombre d'échantillons exploitables;Kobo_Surveillance RESUREP;EgQZ9gmMK7i;;;;;;Surveillance de troupeau;h9wZjF4f9Q0;kobo_Nombre d'échantillons exploitables;BS8L8tnlNjH;;;
SURVEILLANCE RESUREP;aH6gXzGCs5wHPTkWX9vTve;Nbre_echantillons_recus;Nombre d'échantillons reçus;Kobo_Surveillance RESUREP;EgQZ9gmMK7i;;;;;;Surveillance de troupeau;h9wZjF4f9Q0;kobo_Nombre d'échantillons reçus;dC8CaNXaxCd;;;
SURVEILLANCE RESUREP;aH6gXzGCs5wHPTkWX9vTve;autre_maladie_suspectee;Préciser autre maladie suspectée;Kobo_Surveillance RESUREP;EgQZ9gmMK7i;;;;;;Surveillance de troupeau;h9wZjF4f9Q0;kobo_Préciser autre maladie suspectée;uRGYaWIndcF;;;
SURVEILLANCE RESUREP;aH6gXzGCs5wHPTkWX9vTve;autres_lesions;Préciser les autres lésions;Kobo_Surveillance RESUREP;EgQZ9gmMK7i;;;;;;Surveillance de troupeau;h9wZjF4f9Q0;kobo_Préciser les autres lésions;PwVmhjnSh2L;;;
SURVEILLANCE RESUREP;aH6gXzGCs5wHPTkWX9vTve;autres_signes;Préciser les autres signes;Kobo_Surveillance RESUREP;EgQZ9gmMK7i;;;;;;Surveillance de troupeau;h9wZjF4f9Q0;kobo_Préciser les autres signes;oGXIEkoHuZR;;;
SURVEILLANCE RESUREP;aH6gXzGCs5wHPTkWX9vTve;abPreciser;Préciser si autre;Kobo_Surveillance RESUREP;EgQZ9gmMK7i;;;;;;Surveillance de troupeau;h9wZjF4f9Q0;kobo_Préciser si autre;R8pIJUivan3;;;
SURVEILLANCE RESUREP;aH6gXzGCs5wHPTkWX9vTve;Resultat;Résultat;Kobo_Surveillance RESUREP;EgQZ9gmMK7i;;;;;;Surveillance de troupeau;h9wZjF4f9Q0;kobo_Résultat;fuFBNchcK1G;;;
SURVEILLANCE RESUREP;aH6gXzGCs5wHPTkWX9vTve;sexe_eleveur;Sexe;Kobo_Surveillance RESUREP;EgQZ9gmMK7i;;;;;;Surveillance de troupeau;h9wZjF4f9Q0;kobo_Sexe;vO1UDTKP19K;;;
SURVEILLANCE RESUREP;aH6gXzGCs5wHPTkWX9vTve;abSi_oui_lesquels;Si oui lesquels?;Kobo_Surveillance RESUREP;EgQZ9gmMK7i;;;;;;Surveillance de troupeau;h9wZjF4f9Q0;kobo_Si oui lesquels?;oAt82Cmb5Uw;;;
SURVEILLANCE RESUREP;aH6gXzGCs5wHPTkWX9vTve;Si_oui_lesquels;Si oui précisez lesquels;Kobo_Surveillance RESUREP;EgQZ9gmMK7i;;;;;;Surveillance de troupeau;h9wZjF4f9Q0;kobo_Si oui précisez lesquels;Oe8hCox3eaK;;;
SURVEILLANCE RESUREP;aH6gXzGCs5wHPTkWX9vTve;Site;Site;Kobo_Surveillance RESUREP;EgQZ9gmMK7i;;;;;;Surveillance de troupeau;h9wZjF4f9Q0;kobo_Site;VGjfUNS1S3A;;;
SURVEILLANCE RESUREP;aH6gXzGCs5wHPTkWX9vTve;SystemeElevageTroupeau;Système d'élevage;Kobo_Surveillance RESUREP;EgQZ9gmMK7i;;;;;;Surveillance de troupeau;h9wZjF4f9Q0;kobo_Système d'élevage;bajtqikDBKk;;;
SURVEILLANCE RESUREP;aH6gXzGCs5wHPTkWX9vTve;Telephone_eleveur;Téléphone de l'éleveur;Kobo_Surveillance RESUREP;EgQZ9gmMK7i;;;;;;Surveillance de troupeau;h9wZjF4f9Q0;kobo_Téléphone de l'éleveur;wBNh9vX3KC7;;;
SURVEILLANCE RESUREP;aH6gXzGCs5wHPTkWX9vTve;Transhumant;Transhumant;Kobo_Surveillance RESUREP;EgQZ9gmMK7i;;;;;;Surveillance de troupeau;h9wZjF4f9Q0;kobo_Transhumant;wrN8ZmseNec;;;
SURVEILLANCE RESUREP;aH6gXzGCs5wHPTkWX9vTve;information_labo;Voulez vous ajouter des informations de laboratoire?;Kobo_Surveillance RESUREP;EgQZ9gmMK7i;;;;;;Surveillance de troupeau;h9wZjF4f9Q0;kobo_Voulez vous ajouter des informations de laboratoire?;HBLfKu9kSTK;;;
SURVEILLANCE RESUREP;aH6gXzGCs5wHPTkWX9vTve;ajouter_un_prelevement;Voulez-vous ajouter un prélévement;Kobo_Surveillance RESUREP;EgQZ9gmMK7i;;;;;;Surveillance de troupeau;h9wZjF4f9Q0;kobo_Voulez-vous ajouter un prélévement;uoxmwbl7cih;;;
SURVEILLANCE RESUREP;aH6gXzGCs5wHPTkWX9vTve;vacci_ante;Y a t'il eu des vaccinations antérieures?;Kobo_Surveillance RESUREP;EgQZ9gmMK7i;;;;;;Surveillance de troupeau;h9wZjF4f9Q0;kobo_Y a t'il eu des vaccinations antérieures?;i2FYxMKcXQF;;;
SURVEILLANCE RESUREP;aH6gXzGCs5wHPTkWX9vTve;maladie_vaccinee;Choisissez votre la maladie pour laquelle il y a eu la vaccination;Kobo_Surveillance RESUREP;EgQZ9gmMK7i;;;;;;Vaccination antérieure;EpvPbysRgeA;kobo_Choisissez votre la maladie pour laquelle il y a eu la vaccination;wrtH5yhzpo6;;vac_ante;
SURVEILLANCE RESUREP;aH6gXzGCs5wHPTkWX9vTve;period_derniere_vacc;Période de la dernière vaccination;Kobo_Surveillance RESUREP;EgQZ9gmMK7i;;;;;;Vaccination antérieure;EpvPbysRgeA;kobo_Période de la dernière vaccination;eOiMdQuYSZZ;;;
SURVEILLANCE RESUREP;aH6gXzGCs5wHPTkWX9vTve;abAutre_ech;Autre échantillon;Kobo_Surveillance RESUREP;EgQZ9gmMK7i;;;;;;Abattage;eY1YS6kkC8b;kobo_Autre échantillon;K3b55lLg8D1;;ab;
SURVEILLANCE RESUREP;aH6gXzGCs5wHPTkWX9vTve;abnbautre_mes;Autre mesure de contrôle;Kobo_Surveillance RESUREP;EgQZ9gmMK7i;;;;;;Abattage;eY1YS6kkC8b;kobo_Autre mesure de contrôle;IRW4aE0r462;;;
SURVEILLANCE RESUREP;aH6gXzGCs5wHPTkWX9vTve;abmesures;Avez vous pris des mesures de contrôle liés à votre suspicion?;Kobo_Surveillance RESUREP;EgQZ9gmMK7i;;;;;;Abattage;eY1YS6kkC8b;kobo_Avez vous pris des mesures de contrôle liés à votre suspicion?;iECirwBLtwS;;;
SURVEILLANCE RESUREP;aH6gXzGCs5wHPTkWX9vTve;abliste_ani;Choisissez les animaux sensibles;Kobo_Surveillance RESUREP;EgQZ9gmMK7i;;;;;;Abattage;eY1YS6kkC8b;kobo_Choisissez les animaux sensibles;uW2rQLiRRY0;;;
SURVEILLANCE RESUREP;aH6gXzGCs5wHPTkWX9vTve;abliste_lesions;Choisissez les lésions;Kobo_Surveillance RESUREP;EgQZ9gmMK7i;;;;;;Abattage;eY1YS6kkC8b;;;abliste_lesions;;
SURVEILLANCE RESUREP;aH6gXzGCs5wHPTkWX9vTve;abqMad1;Choisissez votre maladie suspectée;Kobo_Surveillance RESUREP;EgQZ9gmMK7i;;;;;;Abattage;eY1YS6kkC8b;kobo_Choisissez votre maladie suspectée;s2QhN5mLJvG;;;
SURVEILLANCE RESUREP;aH6gXzGCs5wHPTkWX9vTve;abCom_result;Commentaire des résultats;Kobo_Surveillance RESUREP;EgQZ9gmMK7i;;;;;;Abattage;eY1YS6kkC8b;kobo_Commentaire des résultats;T0OcpqZ21Ri;;;
SURVEILLANCE RESUREP;aH6gXzGCs5wHPTkWX9vTve;abCom_mesure;Commentaires mesures de contrôle;Kobo_Surveillance RESUREP;EgQZ9gmMK7i;;;;;;Abattage;eY1YS6kkC8b;kobo_Commentaires mesures de contrôle;pspXJNSdume;;;
SURVEILLANCE RESUREP;aH6gXzGCs5wHPTkWX9vTve;abDate_real;Date de réalisation du prélèvement;Kobo_Surveillance RESUREP;EgQZ9gmMK7i;;;;;;Abattage;eY1YS6kkC8b;kobo_Date de réalisation du prélèvement;kI1bJsALZyY;;;
SURVEILLANCE RESUREP;aH6gXzGCs5wHPTkWX9vTve;abDate_recep;Date de réception des échantillons;Kobo_Surveillance RESUREP;EgQZ9gmMK7i;;;;;;Abattage;eY1YS6kkC8b;kobo_Date de réception des échantillons;RUWh1uzADUw;;;
SURVEILLANCE RESUREP;aH6gXzGCs5wHPTkWX9vTve;abDate_emis;Date d'émission des résultats;Kobo_Surveillance RESUREP;EgQZ9gmMK7i;;;;;;Abattage;eY1YS6kkC8b;kobo_Date d'émission des résultats;qTZLXO3XzQp;;;
SURVEILLANCE RESUREP;aH6gXzGCs5wHPTkWX9vTve;abDate_env_prel;Date d'envoi du prélèvement;Kobo_Surveillance RESUREP;EgQZ9gmMK7i;;;;;;Abattage;eY1YS6kkC8b;kobo_Date d'envoi du prélèvement;pSmNlln1VdZ;;;
SURVEILLANCE RESUREP;aH6gXzGCs5wHPTkWX9vTve;ab_mesures_contr;Mesures de contrôle abattoir/aire d'abattage;Kobo_Surveillance RESUREP;EgQZ9gmMK7i;;;;;;Abattage;eY1YS6kkC8b;kobo_Mesures de contrôle abattoir/aire d'abattage;uu3YX6JbGsA;;;
SURVEILLANCE RESUREP;aH6gXzGCs5wHPTkWX9vTve;abNature_ech;Nature  de l'échantillon;Kobo_Surveillance RESUREP;EgQZ9gmMK7i;;;;;;Abattage;eY1YS6kkC8b;;;abNature_ech;;
SURVEILLANCE RESUREP;aH6gXzGCs5wHPTkWX9vTve;ab_Nom_labo;Nom du laboratoire;Kobo_Surveillance RESUREP;EgQZ9gmMK7i;;;;;;Abattage;eY1YS6kkC8b;kobo_Nom du laboratoire;fC0LOzUwo4v;;;
SURVEILLANCE RESUREP;aH6gXzGCs5wHPTkWX9vTve;abnom_boucher;Nom et prénom (s) boucher/propriétaire;Kobo_Surveillance RESUREP;EgQZ9gmMK7i;;;;;;Abattage;eY1YS6kkC8b;kobo_Nom et prénom (s) boucher/propriétaire;VOMlFud8tpF;;;
SURVEILLANCE RESUREP;aH6gXzGCs5wHPTkWX9vTve;abnbcarcas;Nombre de carcasses atteintes;Kobo_Surveillance RESUREP;EgQZ9gmMK7i;;;;;;Abattage;eY1YS6kkC8b;kobo_Nombre de carcasses atteintes;KLklauKFv5Z;;;
SURVEILLANCE RESUREP;aH6gXzGCs5wHPTkWX9vTve;abnb_coeur_assain;Nombre de cœurs  assainis;Kobo_Surveillance RESUREP;EgQZ9gmMK7i;;;;;;Abattage;eY1YS6kkC8b;kobo_Nombre de cœurs  assainis;wVkGtD5aORv;;;
SURVEILLANCE RESUREP;aH6gXzGCs5wHPTkWX9vTve;Nombre_de_c_urs_saisis;Nombre de cœurs  saisis;Kobo_Surveillance RESUREP;EgQZ9gmMK7i;;;;;;Abattage;eY1YS6kkC8b;kobo_Nombre de cœurs  saisis;jGucL6MDH9D;;;
SURVEILLANCE RESUREP;aH6gXzGCs5wHPTkWX9vTve;abnb_coeurs_cons;Nombre de cœurs consignés;Kobo_Surveillance RESUREP;EgQZ9gmMK7i;;;;;;Abattage;eY1YS6kkC8b;kobo_Nombre de cœurs consignés;eR0GesxgMoW;;;
SURVEILLANCE RESUREP;aH6gXzGCs5wHPTkWX9vTve;abnb_foie_sai;Nombre de foie saisis;Kobo_Surveillance RESUREP;EgQZ9gmMK7i;;;;;;Abattage;eY1YS6kkC8b;kobo_Nombre de foie saisis;aQjkWPd8AW7;;;
SURVEILLANCE RESUREP;aH6gXzGCs5wHPTkWX9vTve;abnb_foies_assai;Nombre de foies assainis;Kobo_Surveillance RESUREP;EgQZ9gmMK7i;;;;;;Abattage;eY1YS6kkC8b;kobo_Nombre de foies assainis;rbxrGRAVRsP;;;
SURVEILLANCE RESUREP;aH6gXzGCs5wHPTkWX9vTve;abnb_foies_cons;Nombre de foies consignés;Kobo_Surveillance RESUREP;EgQZ9gmMK7i;;;;;;Abattage;eY1YS6kkC8b;kobo_Nombre de foies consignés;BmsHbkVPAmx;;;
SURVEILLANCE RESUREP;aH6gXzGCs5wHPTkWX9vTve;abnb_lang_assain;Nombre de langues assainies;Kobo_Surveillance RESUREP;EgQZ9gmMK7i;;;;;;Abattage;eY1YS6kkC8b;kobo_Nombre de langues assainies;Z56ePxcGCpd;;;
SURVEILLANCE RESUREP;aH6gXzGCs5wHPTkWX9vTve;abnb_lang_cons;Nombre de langues consignées;Kobo_Surveillance RESUREP;EgQZ9gmMK7i;;;;;;Abattage;eY1YS6kkC8b;kobo_Nombre de langues consignées;EH3iX1sUrnV;;;
SURVEILLANCE RESUREP;aH6gXzGCs5wHPTkWX9vTve;abnblang_sais;Nombre de langues saisies;Kobo_Surveillance RESUREP;EgQZ9gmMK7i;;;;;;Abattage;eY1YS6kkC8b;kobo_Nombre de langues saisies;Q7lsbSuyQ9x;;;
SURVEILLANCE RESUREP;aH6gXzGCs5wHPTkWX9vTve;abnb_poum_assain;Nombre de poumons assainis;Kobo_Surveillance RESUREP;EgQZ9gmMK7i;;;;;;Abattage;eY1YS6kkC8b;kobo_Nombre de poumons assainis;PZMHu3ZPlLe;;;
SURVEILLANCE RESUREP;aH6gXzGCs5wHPTkWX9vTve;abnb_poum_cons;Nombre de poumons consignés;Kobo_Surveillance RESUREP;EgQZ9gmMK7i;;;;;;Abattage;eY1YS6kkC8b;kobo_Nombre de poumons consignés;Ose83dUArqA;;;
SURVEILLANCE RESUREP;aH6gXzGCs5wHPTkWX9vTve;abnb_poum_sais;Nombre de poumons saisis;Kobo_Surveillance RESUREP;EgQZ9gmMK7i;;;;;;Abattage;eY1YS6kkC8b;kobo_Nombre de poumons saisis;LP51qyg81Nt;;;
SURVEILLANCE RESUREP;aH6gXzGCs5wHPTkWX9vTve;abnb_rate_assain;Nombre de rates assainis;Kobo_Surveillance RESUREP;EgQZ9gmMK7i;;;;;;Abattage;eY1YS6kkC8b;kobo_Nombre de rates assainis;Gf7EGUF37ix;;;
SURVEILLANCE RESUREP;aH6gXzGCs5wHPTkWX9vTve;abnb_rates_cons;Nombre de rates consignés;Kobo_Surveillance RESUREP;EgQZ9gmMK7i;;;;;;Abattage;eY1YS6kkC8b;kobo_Nombre de rates consignés;nhHEqMd2SoF;;;
SURVEILLANCE RESUREP;aH6gXzGCs5wHPTkWX9vTve;abnb_rate_sais;Nombre de rates saisis;Kobo_Surveillance RESUREP;EgQZ9gmMK7i;;;;;;Abattage;eY1YS6kkC8b;kobo_Nombre de rates saisis;ics9pqaz7uo;;;
SURVEILLANCE RESUREP;aH6gXzGCs5wHPTkWX9vTve;abnb_reins_assain;Nombre de reins assainis;Kobo_Surveillance RESUREP;EgQZ9gmMK7i;;;;;;Abattage;eY1YS6kkC8b;kobo_Nombre de reins assainis;v2xjfS0YzCb;;;
SURVEILLANCE RESUREP;aH6gXzGCs5wHPTkWX9vTve;abnb_reins_cons;Nombre de reins consignés;Kobo_Surveillance RESUREP;EgQZ9gmMK7i;;;;;;Abattage;eY1YS6kkC8b;kobo_Nombre de reins consignés;lpg50DMNr85;;;
SURVEILLANCE RESUREP;aH6gXzGCs5wHPTkWX9vTve;abnb_reins_sais;Nombre de reins saisis;Kobo_Surveillance RESUREP;EgQZ9gmMK7i;;;;;;Abattage;eY1YS6kkC8b;kobo_Nombre de reins saisis;YvDnqZWklXe;;;
SURVEILLANCE RESUREP;aH6gXzGCs5wHPTkWX9vTve;abnb_tot;Nombre de saisie totale;Kobo_Surveillance RESUREP;EgQZ9gmMK7i;;;;;;Abattage;eY1YS6kkC8b;kobo_Nombre de saisie totale;tLXu70hgVom;;;
SURVEILLANCE RESUREP;aH6gXzGCs5wHPTkWX9vTve;ab_aliment;Nombre d'échantillon d'aliments suspectés;Kobo_Surveillance RESUREP;EgQZ9gmMK7i;;;;;;Abattage;eY1YS6kkC8b;kobo_Nombre d'échantillon d'aliments suspectés;Onj33g8f3hj;;;
SURVEILLANCE RESUREP;aH6gXzGCs5wHPTkWX9vTve;ab_aphtes;Nombre d'échantillon d'aphtes;Kobo_Surveillance RESUREP;EgQZ9gmMK7i;;;;;;Abattage;eY1YS6kkC8b;kobo_Nombre d'échantillon d'aphtes;tWdwyAyQysX;;;
SURVEILLANCE RESUREP;aH6gXzGCs5wHPTkWX9vTve;ab_ech_autr;Nombre d'échantillon d'autres;Kobo_Surveillance RESUREP;EgQZ9gmMK7i;;;;;;Abattage;eY1YS6kkC8b;kobo_Nombre d'échantillon d'autres;PicHfwFv5Ik;;;
SURVEILLANCE RESUREP;aH6gXzGCs5wHPTkWX9vTve;ab_cadavre;Nombre d'échantillon de cadavres frais;Kobo_Surveillance RESUREP;EgQZ9gmMK7i;;;;;;Abattage;eY1YS6kkC8b;kobo_Nombre d'échantillon de cadavres frais;lPg9LzSQIxv;;;
SURVEILLANCE RESUREP;aH6gXzGCs5wHPTkWX9vTve;abcoeur;Nombre d'échantillon de cœur;Kobo_Surveillance RESUREP;EgQZ9gmMK7i;;;;;;Abattage;eY1YS6kkC8b;kobo_Nombre d'échantillon de cœur;OEdJj1dDlK6;;;
SURVEILLANCE RESUREP;aH6gXzGCs5wHPTkWX9vTve;abcont_stomac;Nombre d'échantillon de contenu stomacal;Kobo_Surveillance RESUREP;EgQZ9gmMK7i;;;;;;Abattage;eY1YS6kkC8b;kobo_Nombre d'échantillon de contenu stomacal;MIROAhv20jy;;;
SURVEILLANCE RESUREP;aH6gXzGCs5wHPTkWX9vTve;ab_croute;Nombre d'échantillon de croûte;Kobo_Surveillance RESUREP;EgQZ9gmMK7i;;;;;;Abattage;eY1YS6kkC8b;kobo_Nombre d'échantillon de croûte;kh4VvQHV3KD;;;
SURVEILLANCE RESUREP;aH6gXzGCs5wHPTkWX9vTve;ab_foie;Nombre d'échantillon de foie;Kobo_Surveillance RESUREP;EgQZ9gmMK7i;;;;;;Abattage;eY1YS6kkC8b;kobo_Nombre d'échantillon de foie;zGON8pUwSHx;;;
SURVEILLANCE RESUREP;aH6gXzGCs5wHPTkWX9vTve;abecouv_gangl;Nombre d'échantillon de ganglions;Kobo_Surveillance RESUREP;EgQZ9gmMK7i;;;;;;Abattage;eY1YS6kkC8b;kobo_Nombre d'échantillon de ganglions;ehzs8BYbl95;;;
SURVEILLANCE RESUREP;aH6gXzGCs5wHPTkWX9vTve;ab_lait;Nombre d'échantillon de lait;Kobo_Surveillance RESUREP;EgQZ9gmMK7i;;;;;;Abattage;eY1YS6kkC8b;kobo_Nombre d'échantillon de lait;poP0t0XqXTN;;;
SURVEILLANCE RESUREP;aH6gXzGCs5wHPTkWX9vTve;ab_LBA;Nombre d'échantillon de Liquide Broncho-Alvéolaire (LBA);Kobo_Surveillance RESUREP;EgQZ9gmMK7i;;;;;;Abattage;eY1YS6kkC8b;kobo_Nombre d'échantillon de Liquide Broncho-Alvéolaire (LBA);vzIL5TenKqx;;;
SURVEILLANCE RESUREP;aH6gXzGCs5wHPTkWX9vTve;abliq_pleural;Nombre d'échantillon de liquide pleural;Kobo_Surveillance RESUREP;EgQZ9gmMK7i;;;;;;Abattage;eY1YS6kkC8b;kobo_Nombre d'échantillon de liquide pleural;uraRbScBfXs;;;
SURVEILLANCE RESUREP;aH6gXzGCs5wHPTkWX9vTve;ab_poumons;Nombre d'échantillon de poumons;Kobo_Surveillance RESUREP;EgQZ9gmMK7i;;;;;;Abattage;eY1YS6kkC8b;kobo_Nombre d'échantillon de poumons;vdID2udOd8J;;;
SURVEILLANCE RESUREP;aH6gXzGCs5wHPTkWX9vTve;ab_rate;Nombre d'échantillon de rate;Kobo_Surveillance RESUREP;EgQZ9gmMK7i;;;;;;Abattage;eY1YS6kkC8b;kobo_Nombre d'échantillon de rate;rF22AjYh8ZX;;;
SURVEILLANCE RESUREP;aH6gXzGCs5wHPTkWX9vTve;ab_reins;Nombre d'échantillon de reins;Kobo_Surveillance RESUREP;EgQZ9gmMK7i;;;;;;Abattage;eY1YS6kkC8b;kobo_Nombre d'échantillon de reins;hA0GvKlslOP;;;
SURVEILLANCE RESUREP;aH6gXzGCs5wHPTkWX9vTve;absang_total;Nombre d'échantillon de sang total;Kobo_Surveillance RESUREP;EgQZ9gmMK7i;;;;;;Abattage;eY1YS6kkC8b;kobo_Nombre d'échantillon de sang total;D1NnmAfYJzx;;;
SURVEILLANCE RESUREP;aH6gXzGCs5wHPTkWX9vTve;ab_selles;Nombre d'échantillon de selles (fientes);Kobo_Surveillance RESUREP;EgQZ9gmMK7i;;;;;;Abattage;eY1YS6kkC8b;kobo_Nombre d'échantillon de selles (fientes);NEvKGXym7pD;;;
SURVEILLANCE RESUREP;aH6gXzGCs5wHPTkWX9vTve;ab_sequestre;Nombre d'échantillon de séquestre;Kobo_Surveillance RESUREP;EgQZ9gmMK7i;;;;;;Abattage;eY1YS6kkC8b;kobo_Nombre d'échantillon de séquestre;hZBt0M0TwLJ;;;
SURVEILLANCE RESUREP;aH6gXzGCs5wHPTkWX9vTve;ab_serum;Nombre d'échantillon de sérum;Kobo_Surveillance RESUREP;EgQZ9gmMK7i;;;;;;Abattage;eY1YS6kkC8b;kobo_Nombre d'échantillon de sérum;xWZIGSYK1BV;;;
SURVEILLANCE RESUREP;aH6gXzGCs5wHPTkWX9vTve;ab_suj_vivants;Nombre d'échantillon de sujets vivants;Kobo_Surveillance RESUREP;EgQZ9gmMK7i;;;;;;Abattage;eY1YS6kkC8b;kobo_Nombre d'échantillon de sujets vivants;LZdVFRBNH8e;;;
SURVEILLANCE RESUREP;aH6gXzGCs5wHPTkWX9vTve;ab_tete;Nombre d'échantillon de tête;Kobo_Surveillance RESUREP;EgQZ9gmMK7i;;;;;;Abattage;eY1YS6kkC8b;kobo_Nombre d'échantillon de tête;RrnzdDBR4Yx;;;
SURVEILLANCE RESUREP;aH6gXzGCs5wHPTkWX9vTve;ab_ecouv_bucc;Nombre d'échantillon d'écouvillons Buccal;Kobo_Surveillance RESUREP;EgQZ9gmMK7i;;;;;;Abattage;eY1YS6kkC8b;kobo_Nombre d'échantillon d'écouvillons Buccal;EnP1WVH5MEq;;;
SURVEILLANCE RESUREP;aH6gXzGCs5wHPTkWX9vTve;abecouv_cloac;Nombre d'échantillon d'écouvillons cloacal;Kobo_Surveillance RESUREP;EgQZ9gmMK7i;;;;;;Abattage;eY1YS6kkC8b;kobo_Nombre d'échantillon d'écouvillons cloacal;ZRVYIV8ZpyM;;;
SURVEILLANCE RESUREP;aH6gXzGCs5wHPTkWX9vTve;abecouv_nasal;Nombre d'échantillon d'écouvillons Nasal;Kobo_Surveillance RESUREP;EgQZ9gmMK7i;;;;;;Abattage;eY1YS6kkC8b;kobo_Nombre d'échantillon d'écouvillons Nasal;slaEsL0oyN4;;;
SURVEILLANCE RESUREP;aH6gXzGCs5wHPTkWX9vTve;abecouv_occul;Nombre d'échantillon d'écouvillons Occulaire;Kobo_Surveillance RESUREP;EgQZ9gmMK7i;;;;;;Abattage;eY1YS6kkC8b;kobo_Nombre d'échantillon d'écouvillons Occulaire;X06tjCDhnWX;;;
SURVEILLANCE RESUREP;aH6gXzGCs5wHPTkWX9vTve;abecouv_trach;Nombre d'échantillon d'écouvillons Trachéal;Kobo_Surveillance RESUREP;EgQZ9gmMK7i;;;;;;Abattage;eY1YS6kkC8b;kobo_Nombre d'échantillon d'écouvillons Trachéal;WgEqUN02QZb;;;
SURVEILLANCE RESUREP;aH6gXzGCs5wHPTkWX9vTve;ab_intestins;Nombre d'échantillon d'intestins;Kobo_Surveillance RESUREP;EgQZ9gmMK7i;;;;;;Abattage;eY1YS6kkC8b;kobo_Nombre d'échantillon d'intestins;BTMzEdOVJPn;;;
SURVEILLANCE RESUREP;aH6gXzGCs5wHPTkWX9vTve;ab_os_los;Nombre d'échantillon d'os long;Kobo_Surveillance RESUREP;EgQZ9gmMK7i;;;;;;Abattage;eY1YS6kkC8b;kobo_Nombre d'échantillon d'os long;ZSRcNxhWOGE;;;
SURVEILLANCE RESUREP;aH6gXzGCs5wHPTkWX9vTve;ab_urine;Nombre d'échantillon d'urine;Kobo_Surveillance RESUREP;EgQZ9gmMK7i;;;;;;Abattage;eY1YS6kkC8b;kobo_Nombre d'échantillon d'urine;mIYtnvWZCMx;;;
SURVEILLANCE RESUREP;aH6gXzGCs5wHPTkWX9vTve;abnb_intes_assain;Nombre d'intestins assainis;Kobo_Surveillance RESUREP;EgQZ9gmMK7i;;;;;;Abattage;eY1YS6kkC8b;kobo_Nombre d'intestins assainis;aIPi1KuaFdR;;;
SURVEILLANCE RESUREP;aH6gXzGCs5wHPTkWX9vTve;abnb_intes_cons;Nombre d'intestins consignés;Kobo_Surveillance RESUREP;EgQZ9gmMK7i;;;;;;Abattage;eY1YS6kkC8b;kobo_Nombre d'intestins consignés;eCuwSePi8QC;;;
SURVEILLANCE RESUREP;aH6gXzGCs5wHPTkWX9vTve;abnb_intes_sais;Nombre d'intestins saisis;Kobo_Surveillance RESUREP;EgQZ9gmMK7i;;;;;;Abattage;eY1YS6kkC8b;kobo_Nombre d'intestins saisis;bqrjPB4xs6W;;;
SURVEILLANCE RESUREP;aH6gXzGCs5wHPTkWX9vTve;Num_ech;Numéro de l'échantillon;Kobo_Surveillance RESUREP;EgQZ9gmMK7i;;;;;;Abattage;eY1YS6kkC8b;kobo_Numéro de l'échantillon;TOmU49OTdNz;;;
SURVEILLANCE RESUREP;aH6gXzGCs5wHPTkWX9vTve;ab_consign;Objet de la consignation;Kobo_Surveillance RESUREP;EgQZ9gmMK7i;;;;;;Abattage;eY1YS6kkC8b;;;ab_consign;;
SURVEILLANCE RESUREP;aH6gXzGCs5wHPTkWX9vTve;abobjet_parti;Objet de la saisie  partielle;Kobo_Surveillance RESUREP;EgQZ9gmMK7i;;;;;;Abattage;eY1YS6kkC8b;;;abobjet_parti;;
SURVEILLANCE RESUREP;aH6gXzGCs5wHPTkWX9vTve;abnb_assai;Objet de l'assainissement;Kobo_Surveillance RESUREP;EgQZ9gmMK7i;;;;;;Abattage;eY1YS6kkC8b;;;abnb_assai;;
SURVEILLANCE RESUREP;aH6gXzGCs5wHPTkWX9vTve;abautre_maladie;Préciser autre maladie suspectée;Kobo_Surveillance RESUREP;EgQZ9gmMK7i;;;;;;Abattage;eY1YS6kkC8b;kobo_Préciser autre maladie suspectée;uRGYaWIndcF;;;
SURVEILLANCE RESUREP;aH6gXzGCs5wHPTkWX9vTve;abautre_lesion;Préciser les autres lésions;Kobo_Surveillance RESUREP;EgQZ9gmMK7i;;;;;;Abattage;eY1YS6kkC8b;kobo_Préciser les autres lésions;PwVmhjnSh2L;;;
SURVEILLANCE RESUREP;aH6gXzGCs5wHPTkWX9vTve;abprecisez_autre;précisez autre espèce;Kobo_Surveillance RESUREP;EgQZ9gmMK7i;;;;;;Abattage;eY1YS6kkC8b;kobo_précisez autre espèce;Jz9eASK9fyN;;;
SURVEILLANCE RESUREP;aH6gXzGCs5wHPTkWX9vTve;abResultat;Résultat;Kobo_Surveillance RESUREP;EgQZ9gmMK7i;;;;;;Abattage;eY1YS6kkC8b;kobo_Résultat;fuFBNchcK1G;;;
SURVEILLANCE RESUREP;aH6gXzGCs5wHPTkWX9vTve;abtel_boucher;Téléphone boucher/propriétaire;Kobo_Surveillance RESUREP;EgQZ9gmMK7i;;;;;;Abattage;eY1YS6kkC8b;kobo_Téléphone boucher/propriétaire;pb6YR7OoWK6;;;
SURVEILLANCE RESUREP;aH6gXzGCs5wHPTkWX9vTve;abinfo_labo;Voulez vous ajouter des informations de laboratoire?;Kobo_Surveillance RESUREP;EgQZ9gmMK7i;;;;;;Abattage;eY1YS6kkC8b;kobo_Voulez vous ajouter des informations de laboratoire?;HBLfKu9kSTK;;;
SURVEILLANCE RESUREP;aH6gXzGCs5wHPTkWX9vTve;abajouter_prelev;Voulez-vous ajouter un prélévement;Kobo_Surveillance RESUREP;EgQZ9gmMK7i;;;;;;Abattage;eY1YS6kkC8b;kobo_Voulez-vous ajouter un prélévement;uoxmwbl7cih;;;
SURVEILLANCE RESUREP;aH6gXzGCs5wHPTkWX9vTve;liste_anisensibles;Choisissez les animaux sensibles;Kobo_Surveillance RESUREP;EgQZ9gmMK7i;;;;;;Animaux sensibles;rE1Kziuc6Nj;kobo_Choisissez les animaux sensibles;uW2rQLiRRY0;;ani_sensibles;
SURVEILLANCE RESUREP;aH6gXzGCs5wHPTkWX9vTve;total_malade;Effectif animaux malades;Kobo_Surveillance RESUREP;EgQZ9gmMK7i;;;;;;Animaux sensibles;rE1Kziuc6Nj;kobo_Effectif animaux malades;oWJVzQkd6SV;;;
SURVEILLANCE RESUREP;aH6gXzGCs5wHPTkWX9vTve;calcul_animaux_morts;Effectif animaux morts;Kobo_Surveillance RESUREP;EgQZ9gmMK7i;;;;;;Animaux sensibles;rE1Kziuc6Nj;kobo_Effectif animaux morts;fcTi7pbozL1;;;
SURVEILLANCE RESUREP;aH6gXzGCs5wHPTkWX9vTve;totaltroupeau;Effectif total troupeau;Kobo_Surveillance RESUREP;EgQZ9gmMK7i;;;;;;Animaux sensibles;rE1Kziuc6Nj;kobo_Effectif total troupeau;QEL38zKzr5R;;;
SURVEILLANCE RESUREP;aH6gXzGCs5wHPTkWX9vTve;fadultes;Nb. Femelles adultes;Kobo_Surveillance RESUREP;EgQZ9gmMK7i;;;;;;Animaux sensibles;rE1Kziuc6Nj;kobo_Nb. Femelles adultes;Z7ZFgjZ9lmA;;;
SURVEILLANCE RESUREP;aH6gXzGCs5wHPTkWX9vTve;fadultes_malades;Nb. Femelles adultes malades;Kobo_Surveillance RESUREP;EgQZ9gmMK7i;;;;;;Animaux sensibles;rE1Kziuc6Nj;kobo_Nb. Femelles adultes malades;anaNM6okx40;;;
SURVEILLANCE RESUREP;aH6gXzGCs5wHPTkWX9vTve;Nb_femelles_adultes_mortes;Nb. femelles adultes mortes;Kobo_Surveillance RESUREP;EgQZ9gmMK7i;;;;;;Animaux sensibles;rE1Kziuc6Nj;kobo_Nb. femelles adultes mortes;tESZG8GI5Dx;;;
SURVEILLANCE RESUREP;aH6gXzGCs5wHPTkWX9vTve;fjeunes;Nb. Femelles jeunes;Kobo_Surveillance RESUREP;EgQZ9gmMK7i;;;;;;Animaux sensibles;rE1Kziuc6Nj;kobo_Nb. Femelles jeunes;jR4B0vIeBzh;;;
SURVEILLANCE RESUREP;aH6gXzGCs5wHPTkWX9vTve;fjeunes_malades;Nb. Femelles jeunes malades;Kobo_Surveillance RESUREP;EgQZ9gmMK7i;;;;;;Animaux sensibles;rE1Kziuc6Nj;kobo_Nb. Femelles jeunes malades;AhMC1OkHAel;;;
SURVEILLANCE RESUREP;aH6gXzGCs5wHPTkWX9vTve;Nb_jeunes_femelles_mortes;Nb. jeunes femelles mortes;Kobo_Surveillance RESUREP;EgQZ9gmMK7i;;;;;;Animaux sensibles;rE1Kziuc6Nj;kobo_Nb. jeunes femelles mortes;oKV6OtiOA1F;;;
SURVEILLANCE RESUREP;aH6gXzGCs5wHPTkWX9vTve;Nb_jeunes_Males_morts;Nb. jeunes Mâles morts;Kobo_Surveillance RESUREP;EgQZ9gmMK7i;;;;;;Animaux sensibles;rE1Kziuc6Nj;kobo_Nb. jeunes Mâles morts;BTpPldU69N6;;;
SURVEILLANCE RESUREP;aH6gXzGCs5wHPTkWX9vTve;madultes;Nb. Mâles adultes;Kobo_Surveillance RESUREP;EgQZ9gmMK7i;;;;;;Animaux sensibles;rE1Kziuc6Nj;kobo_Nb. Mâles adultes;IBrXxbbXwO9;;;
SURVEILLANCE RESUREP;aH6gXzGCs5wHPTkWX9vTve;madultesmalades;Nb. Mâles adultes malades;Kobo_Surveillance RESUREP;EgQZ9gmMK7i;;;;;;Animaux sensibles;rE1Kziuc6Nj;kobo_Nb. Mâles adultes malades;qpX7tIfKMkV;;;
SURVEILLANCE RESUREP;aH6gXzGCs5wHPTkWX9vTve;Nb_Males_adultes_morts;Nb. Mâles adultes morts;Kobo_Surveillance RESUREP;EgQZ9gmMK7i;;;;;;Animaux sensibles;rE1Kziuc6Nj;kobo_Nb. Mâles adultes morts;IYbrWbMgIeQ;;;
SURVEILLANCE RESUREP;aH6gXzGCs5wHPTkWX9vTve;mjeunes;Nb. Mâles jeunes;Kobo_Surveillance RESUREP;EgQZ9gmMK7i;;;;;;Animaux sensibles;rE1Kziuc6Nj;kobo_Nb. Mâles jeunes;QQQkXHeAKmD;;;
SURVEILLANCE RESUREP;aH6gXzGCs5wHPTkWX9vTve;mjeunes_malades;Nb. Mâles jeunes malades;Kobo_Surveillance RESUREP;EgQZ9gmMK7i;;;;;;Animaux sensibles;rE1Kziuc6Nj;kobo_Nb. Mâles jeunes malades;q4KBkRL3sMc;;;
SURVEILLANCE RESUREP;aH6gXzGCs5wHPTkWX9vTve;Nombre_de_sujets;Nombre de sujets;Kobo_Surveillance RESUREP;EgQZ9gmMK7i;;;;;;Animaux sensibles;rE1Kziuc6Nj;kobo_Nombre de sujets;TwJj2cdNnTs;;;
SURVEILLANCE RESUREP;aH6gXzGCs5wHPTkWX9vTve;Nombre_de_sujets_malades;Nombre de sujets malades;Kobo_Surveillance RESUREP;EgQZ9gmMK7i;;;;;;Animaux sensibles;rE1Kziuc6Nj;kobo_Nombre de sujets malades;TYKrqFBtbSm;;;
SURVEILLANCE RESUREP;aH6gXzGCs5wHPTkWX9vTve;Nombre_de_sujets_morts;Nombre de sujets morts;Kobo_Surveillance RESUREP;EgQZ9gmMK7i;;;;;;Animaux sensibles;rE1Kziuc6Nj;kobo_Nombre de sujets morts;ibG43utrunn;;;
SURVEILLANCE RESUREP;aH6gXzGCs5wHPTkWX9vTve;pr_cisez_autre_esp_ce;précisez autre espèce;Kobo_Surveillance RESUREP;EgQZ9gmMK7i;;;;;;Animaux sensibles;rE1Kziuc6Nj;kobo_précisez autre espèce;Jz9eASK9fyN;;;
SURVEILLANCE RESUREP;aH6gXzGCs5wHPTkWX9vTve;precisez_type_volaille;Précisez le type de volaille;Kobo_Surveillance RESUREP;EgQZ9gmMK7i;;;;;;Animaux sensibles;rE1Kziuc6Nj;kobo_Précisez le type de volaille;S0aVNGypyhV;;;
